0;129;0;25;Серия 1_340
1;127;0,04;;
2;126;0,08;;
3;127;0,12;;
4;126;0,16;;
5;127;0,2;;
6;127;0,24;;
7;128;0,28;;
8;126;0,32;;
9;127;0,36;;
10;126;0,4;;
11;127;0,44;;
12;128;0,48;;
13;127;0,52;;
14;127;0,56;;
15;127;0,6;;
16;127;0,64;;
17;126;0,68;;
18;126;0,72;;
19;127;0,76;;
20;128;0,8;;
21;126;0,84;;
22;127;0,88;;
23;127;0,92;;
24;127;0,96;;
25;127;1;;
26;128;1,04;;
27;126;1,08;;
28;127;1,12;;
29;127;1,16;;
30;127;1,2;;
31;127;1,24;;
32;125;1,28;;
33;126;1,32;;
34;127;1,36;;
35;127;1,4;;
36;126;1,44;;
37;126;1,48;;
38;127;1,52;;
39;125;1,56;;
40;126;1,6;;
41;127;1,64;;
42;127;1,68;;
43;127;1,72;;
44;127;1,76;;
45;126;1,8;;
46;127;1,84;;
47;126;1,88;;
48;127;1,92;;
49;127;1,96;;
50;126;2;;
51;127;2,04;;
52;127;2,08;;
53;126;2,12;;
54;126;2,16;;
55;127;2,2;;
56;127;2,24;;
57;127;2,28;;
58;126;2,32;;
59;126;2,36;;
60;127;2,4;;
61;127;2,44;;
62;126;2,48;;
63;127;2,52;;
64;126;2,56;;
65;127;2,6;;
66;127;2,64;;
67;125;2,68;;
68;126;2,72;;
69;126;2,76;;
70;126;2,8;;
71;126;2,84;;
72;127;2,88;;
73;126;2,92;;
74;127;2,96;;
75;125;3;;
76;127;3,04;;
77;126;3,08;;
78;126;3,12;;
79;126;3,16;;
80;127;3,2;;
81;127;3,24;;
82;126;3,28;;
83;125;3,32;;
84;126;3,36;;
85;134;3,4;;
86;127;3,44;;
87;127;3,48;;
88;126;3,52;;
89;126;3,56;;
90;126;3,6;;
91;127;3,64;;
92;127;3,68;;
93;127;3,72;;
94;124;3,76;;
95;126;3,8;;
96;126;3,84;;
97;126;3,88;;
98;126;3,92;;
99;126;3,96;;
100;126;4;;
101;127;4,04;;
102;126;4,08;;
103;126;4,12;;
104;126;4,16;;
105;126;4,2;;
106;126;4,24;;
107;126;4,28;;
108;127;4,32;;
109;126;4,36;;
110;126;4,4;;
111;126;4,44;;
112;126;4,48;;
113;126;4,52;;
114;126;4,56;;
115;127;4,6;;
116;126;4,64;;
117;127;4,68;;
118;125;4,72;;
119;126;4,76;;
120;127;4,8;;
121;126;4,84;;
122;126;4,88;;
123;126;4,92;;
124;126;4,96;;
125;126;5;;
126;125;5,04;;
127;124;5,08;;
128;126;5,12;;
129;127;5,16;;
130;126;5,2;;
131;127;5,24;;
132;127;5,28;;
133;126;5,32;;
134;126;5,36;;
135;126;5,4;;
136;126;5,44;;
137;125;5,48;;
138;126;5,52;;
139;127;5,56;;
140;127;5,6;;
141;125;5,64;;
142;125;5,68;;
143;127;5,72;;
144;127;5,76;;
145;126;5,8;;
146;126;5,84;;
147;126;5,88;;
148;127;5,92;;
149;126;5,96;;
150;126;6;;
151;126;6,04;;
152;126;6,08;;
153;126;6,12;;
154;126;6,16;;
155;126;6,2;;
156;127;6,24;;
157;127;6,28;;
158;128;6,32;;
159;126;6,36;;
160;126;6,4;;
161;127;6,44;;
162;126;6,48;;
163;127;6,52;;
164;127;6,56;;
165;126;6,6;;
166;126;6,64;;
167;127;6,68;;
168;126;6,72;;
169;127;6,76;;
170;126;6,8;;
171;126;6,84;;
172;125;6,88;;
173;127;6,92;;
174;126;6,96;;
175;126;7;;
176;127;7,04;;
177;126;7,08;;
178;125;7,12;;
179;126;7,16;;
180;126;7,2;;
181;126;7,24;;
182;126;7,28;;
183;126;7,32;;
184;127;7,36;;
185;127;7,4;;
186;126;7,44;;
187;125;7,48;;
188;126;7,52;;
189;126;7,56;;
190;126;7,6;;
191;126;7,64;;
192;127;7,68;;
193;126;7,72;;
194;126;7,76;;
195;127;7,8;;
196;127;7,84;;
197;126;7,88;;
198;126;7,92;;
199;122;7,96;;
200;127;8;;
201;126;8,04;;
202;126;8,08;;
203;127;8,12;;
204;126;8,16;;
205;126;8,2;;
206;126;8,24;;
207;126;8,28;;
208;126;8,32;;
209;126;8,36;;
210;127;8,4;;
211;126;8,44;;
212;126;8,48;;
213;126;8,52;;
214;126;8,56;;
215;126;8,6;;
216;127;8,64;;
217;126;8,68;;
218;127;8,72;;
219;127;8,76;;
220;127;8,8;;
221;126;8,84;;
222;126;8,88;;
223;126;8,92;;
224;125;8,96;;
225;127;9;;
226;128;9,04;;
227;127;9,08;;
228;127;9,12;;
229;127;9,16;;
230;126;9,2;;
231;126;9,24;;
232;125;9,28;;
233;127;9,32;;
234;126;9,36;;
235;126;9,4;;
236;127;9,44;;
237;126;9,48;;
238;126;9,52;;
239;127;9,56;;
240;124;9,6;;
241;127;9,64;;
242;127;9,68;;
243;127;9,72;;
244;126;9,76;;
245;126;9,8;;
246;126;9,84;;
247;128;9,88;;
248;126;9,92;;
249;126;9,96;;
250;127;10;;
251;127;10,04;;
252;126;10,08;;
253;126;10,12;;
254;126;10,16;;
255;126;10,2;;
256;127;10,24;;
257;126;10,28;;
258;126;10,32;;
259;126;10,36;;
260;126;10,4;;
261;127;10,44;;
262;127;10,48;;
263;127;10,52;;
264;127;10,56;;
265;126;10,6;;
266;126;10,64;;
267;127;10,68;;
268;127;10,72;;
269;126;10,76;;
270;127;10,8;;
271;127;10,84;;
272;126;10,88;;
273;126;10,92;;
274;127;10,96;;
275;127;11;;
276;127;11,04;;
277;127;11,08;;
278;126;11,12;;
279;127;11,16;;
280;125;11,2;;
281;128;11,24;;
282;126;11,28;;
283;125;11,32;;
284;127;11,36;;
285;127;11,4;;
286;126;11,44;;
287;126;11,48;;
288;126;11,52;;
289;127;11,56;;
290;126;11,6;;
291;126;11,64;;
292;126;11,68;;
293;127;11,72;;
294;127;11,76;;
295;128;11,8;;
296;126;11,84;;
297;127;11,88;;
298;127;11,92;;
299;126;11,96;;
300;127;12;;
301;127;12,04;;
302;127;12,08;;
303;127;12,12;;
304;127;12,16;;
305;127;12,2;;
306;127;12,24;;
307;126;12,28;;
308;126;12,32;;
309;127;12,36;;
310;127;12,4;;
311;126;12,44;;
312;126;12,48;;
313;128;12,52;;
314;127;12,56;;
315;127;12,6;;
316;126;12,64;;
317;125;12,68;;
318;126;12,72;;
319;126;12,76;;
320;126;12,8;;
321;127;12,84;;
322;124;12,88;;
323;127;12,92;;
324;127;12,96;;
325;125;13;;
326;126;13,04;;
327;126;13,08;;
328;127;13,12;;
329;127;13,16;;
330;127;13,2;;
331;127;13,24;;
332;127;13,28;;
333;126;13,32;;
334;127;13,36;;
335;126;13,4;;
336;127;13,44;;
337;126;13,48;;
338;127;13,52;;
339;127;13,56;;
340;127;13,6;;
341;127;13,64;;
342;127;13,68;;
343;127;13,72;;
344;127;13,76;;
345;127;13,8;;
346;127;13,84;;
347;127;13,88;;
348;126;13,92;;
349;127;13,96;;
350;127;14;;
351;126;14,04;;
352;127;14,08;;
353;127;14,12;;
354;127;14,16;;
355;127;14,2;;
356;127;14,24;;
357;126;14,28;;
358;128;14,32;;
359;128;14,36;;
360;126;14,4;;
361;127;14,44;;
362;127;14,48;;
363;127;14,52;;
364;127;14,56;;
365;127;14,6;;
366;126;14,64;;
367;127;14,68;;
368;127;14,72;;
369;127;14,76;;
370;126;14,8;;
371;127;14,84;;
372;127;14,88;;
373;127;14,92;;
374;127;14,96;;
375;128;15;;
376;128;15,04;;
377;127;15,08;;
378;126;15,12;;
379;127;15,16;;
380;127;15,2;;
381;128;15,24;;
382;127;15,28;;
383;127;15,32;;
384;127;15,36;;
385;126;15,4;;
386;128;15,44;;
387;128;15,48;;
388;127;15,52;;
389;127;15,56;;
390;127;15,6;;
391;127;15,64;;
392;127;15,68;;
393;127;15,72;;
394;126;15,76;;
395;119;15,8;;
396;128;15,84;;
397;127;15,88;;
398;127;15,92;;
399;127;15,96;;
400;127;16;;
401;127;16,04;;
402;127;16,08;;
403;126;16,12;;
404;128;16,16;;
405;127;16,2;;
406;127;16,24;;
407;128;16,28;;
408;127;16,32;;
409;127;16,36;;
410;127;16,4;;
411;127;16,44;;
412;127;16,48;;
413;127;16,52;;
414;126;16,56;;
415;128;16,6;;
416;127;16,64;;
417;127;16,68;;
418;126;16,72;;
419;126;16,76;;
420;127;16,8;;
421;127;16,84;;
422;125;16,88;;
423;127;16,92;;
424;127;16,96;;
425;127;17;;
426;128;17,04;;
427;127;17,08;;
428;127;17,12;;
429;127;17,16;;
430;127;17,2;;
431;127;17,24;;
432;127;17,28;;
433;127;17,32;;
434;127;17,36;;
435;127;17,4;;
436;127;17,44;;
437;126;17,48;;
438;127;17,52;;
439;128;17,56;;
440;127;17,6;;
441;127;17,64;;
442;127;17,68;;
443;127;17,72;;
444;128;17,76;;
445;128;17,8;;
446;127;17,84;;
447;127;17,88;;
448;127;17,92;;
449;128;17,96;;
450;128;18;;
451;127;18,04;;
452;127;18,08;;
453;128;18,12;;
454;126;18,16;;
455;127;18,2;;
456;127;18,24;;
457;127;18,28;;
458;127;18,32;;
459;127;18,36;;
460;127;18,4;;
461;127;18,44;;
462;127;18,48;;
463;129;18,52;;
464;127;18,56;;
465;127;18,6;;
466;128;18,64;;
467;126;18,68;;
468;127;18,72;;
469;128;18,76;;
470;127;18,8;;
471;127;18,84;;
472;128;18,88;;
473;127;18,92;;
474;127;18,96;;
475;127;19;;
476;127;19,04;;
477;128;19,08;;
478;127;19,12;;
479;127;19,16;;
480;128;19,2;;
481;127;19,24;;
482;127;19,28;;
483;128;19,32;;
484;127;19,36;;
485;127;19,4;;
486;128;19,44;;
487;127;19,48;;
488;129;19,52;;
489;127;19,56;;
490;127;19,6;;
491;127;19,64;;
492;127;19,68;;
493;127;19,72;;
494;128;19,76;;
495;127;19,8;;
496;126;19,84;;
497;127;19,88;;
498;127;19,92;;
499;127;19,96;;
500;128;20;;
501;127;20,04;;
502;127;20,08;;
503;128;20,12;;
504;127;20,16;;
505;127;20,2;;
506;127;20,24;;
507;127;20,28;;
508;128;20,32;;
509;127;20,36;;
510;127;20,4;;
511;128;20,44;;
512;128;20,48;;
513;128;20,52;;
514;128;20,56;;
515;129;20,6;;
516;129;20,64;;
517;128;20,68;;
518;127;20,72;;
519;127;20,76;;
520;127;20,8;;
521;128;20,84;;
522;127;20,88;;
523;127;20,92;;
524;127;20,96;;
525;127;21;;
526;128;21,04;;
527;122;21,08;;
528;127;21,12;;
529;127;21,16;;
530;128;21,2;;
531;127;21,24;;
532;128;21,28;;
533;127;21,32;;
534;128;21,36;;
535;127;21,4;;
536;127;21,44;;
537;128;21,48;;
538;128;21,52;;
539;128;21,56;;
540;128;21,6;;
541;128;21,64;;
542;128;21,68;;
543;128;21,72;;
544;128;21,76;;
545;129;21,8;;
546;128;21,84;;
547;128;21,88;;
548;127;21,92;;
549;128;21,96;;
550;128;22;;
551;128;22,04;;
552;128;22,08;;
553;128;22,12;;
554;126;22,16;;
555;127;22,2;;
556;128;22,24;;
557;127;22,28;;
558;127;22,32;;
559;117;22,36;;
560;128;22,4;;
561;127;22,44;;
562;128;22,48;;
563;128;22,52;;
564;127;22,56;;
565;129;22,6;;
566;127;22,64;;
567;128;22,68;;
568;129;22,72;;
569;128;22,76;;
570;128;22,8;;
571;128;22,84;;
572;128;22,88;;
573;127;22,92;;
574;127;22,96;;
575;127;23;;
576;129;23,04;;
577;129;23,08;;
578;128;23,12;;
579;128;23,16;;
580;128;23,2;;
581;127;23,24;;
582;127;23,28;;
583;128;23,32;;
584;128;23,36;;
585;128;23,4;;
586;127;23,44;;
587;127;23,48;;
588;128;23,52;;
589;129;23,56;;
590;128;23,6;;
591;127;23,64;;
592;128;23,68;;
593;128;23,72;;
594;127;23,76;;
595;128;23,8;;
596;127;23,84;;
597;129;23,88;;
598;128;23,92;;
599;128;23,96;;
600;130;24;;
601;128;24,04;;
602;129;24,08;;
603;129;24,12;;
604;127;24,16;;
605;128;24,2;;
606;128;24,24;;
607;127;24,28;;
608;127;24,32;;
609;128;24,36;;
610;127;24,4;;
611;128;24,44;;
612;128;24,48;;
613;128;24,52;;
614;129;24,56;;
615;128;24,6;;
616;128;24,64;;
617;128;24,68;;
618;127;24,72;;
619;129;24,76;;
620;128;24,8;;
621;128;24,84;;
622;129;24,88;;
623;126;24,92;;
624;128;24,96;;
625;129;25;;
626;128;25,04;;
627;129;25,08;;
628;128;25,12;;
629;128;25,16;;
630;128;25,2;;
631;128;25,24;;
632;127;25,28;;
633;128;25,32;;
634;128;25,36;;
635;129;25,4;;
636;129;25,44;;
637;128;25,48;;
638;128;25,52;;
639;128;25,56;;
640;128;25,6;;
641;132;25,64;;
642;127;25,68;;
643;129;25,72;;
644;129;25,76;;
645;129;25,8;;
646;128;25,84;;
647;128;25,88;;
648;129;25,92;;
649;128;25,96;;
650;130;26;;
651;130;26,04;;
652;128;26,08;;
653;127;26,12;;
654;129;26,16;;
655;130;26,2;;
656;128;26,24;;
657;128;26,28;;
658;129;26,32;;
659;129;26,36;;
660;128;26,4;;
661;128;26,44;;
662;128;26,48;;
663;128;26,52;;
664;129;26,56;;
665;128;26,6;;
666;129;26,64;;
667;128;26,68;;
668;127;26,72;;
669;128;26,76;;
670;128;26,8;;
671;129;26,84;;
672;128;26,88;;
673;129;26,92;;
674;128;26,96;;
675;128;27;;
676;129;27,04;;
677;129;27,08;;
678;129;27,12;;
679;129;27,16;;
680;128;27,2;;
681;128;27,24;;
682;127;27,28;;
683;129;27,32;;
684;129;27,36;;
685;129;27,4;;
686;128;27,44;;
687;128;27,48;;
688;129;27,52;;
689;129;27,56;;
690;129;27,6;;
691;129;27,64;;
692;128;27,68;;
693;129;27,72;;
694;129;27,76;;
695;129;27,8;;
696;129;27,84;;
697;129;27,88;;
698;128;27,92;;
699;129;27,96;;
700;128;28;;
701;129;28,04;;
702;130;28,08;;
703;129;28,12;;
704;128;28,16;;
705;129;28,2;;
706;128;28,24;;
707;129;28,28;;
708;128;28,32;;
709;128;28,36;;
710;129;28,4;;
711;128;28,44;;
712;129;28,48;;
713;129;28,52;;
714;125;28,56;;
715;129;28,6;;
716;130;28,64;;
717;129;28,68;;
718;128;28,72;;
719;129;28,76;;
720;128;28,8;;
721;129;28,84;;
722;129;28,88;;
723;128;28,92;;
724;128;28,96;;
725;129;29;;
726;129;29,04;;
727;129;29,08;;
728;129;29,12;;
729;129;29,16;;
730;128;29,2;;
731;129;29,24;;
732;128;29,28;;
733;129;29,32;;
734;129;29,36;;
735;130;29,4;;
736;129;29,44;;
737;129;29,48;;
738;128;29,52;;
739;129;29,56;;
740;129;29,6;;
741;129;29,64;;
742;129;29,68;;
743;130;29,72;;
744;128;29,76;;
745;128;29,8;;
746;129;29,84;;
747;129;29,88;;
748;129;29,92;;
749;130;29,96;;
750;129;30;;
751;128;30,04;;
752;129;30,08;;
753;129;30,12;;
754;129;30,16;;
755;132;30,2;;
756;130;30,24;;
757;129;30,28;;
758;129;30,32;;
759;129;30,36;;
760;129;30,4;;
761;129;30,44;;
762;129;30,48;;
763;130;30,52;;
764;127;30,56;;
765;128;30,6;;
766;129;30,64;;
767;129;30,68;;
768;130;30,72;;
769;129;30,76;;
770;129;30,8;;
771;128;30,84;;
772;129;30,88;;
773;130;30,92;;
774;129;30,96;;
775;130;31;;
776;129;31,04;;
777;129;31,08;;
778;129;31,12;;
779;130;31,16;;
780;129;31,2;;
781;129;31,24;;
782;129;31,28;;
783;129;31,32;;
784;129;31,36;;
785;129;31,4;;
786;128;31,44;;
787;131;31,48;;
788;128;31,52;;
789;129;31,56;;
790;129;31,6;;
791;129;31,64;;
792;129;31,68;;
793;129;31,72;;
794;129;31,76;;
795;129;31,8;;
796;128;31,84;;
797;129;31,88;;
798;129;31,92;;
799;130;31,96;;
800;129;32;;
801;129;32,04;;
802;129;32,08;;
803;129;32,12;;
804;129;32,16;;
805;129;32,2;;
806;130;32,24;;
807;129;32,28;;
808;129;32,32;;
809;129;32,36;;
810;129;32,4;;
811;129;32,44;;
812;131;32,48;;
813;130;32,52;;
814;129;32,56;;
815;129;32,6;;
816;129;32,64;;
817;129;32,68;;
818;130;32,72;;
819;130;32,76;;
820;131;32,8;;
821;129;32,84;;
822;129;32,88;;
823;130;32,92;;
824;129;32,96;;
825;130;33;;
826;128;33,04;;
827;130;33,08;;
828;133;33,12;;
829;128;33,16;;
830;129;33,2;;
831;130;33,24;;
832;129;33,28;;
833;129;33,32;;
834;129;33,36;;
835;129;33,4;;
836;130;33,44;;
837;131;33,48;;
838;131;33,52;;
839;129;33,56;;
840;129;33,6;;
841;129;33,64;;
842;129;33,68;;
843;129;33,72;;
844;130;33,76;;
845;129;33,8;;
846;130;33,84;;
847;130;33,88;;
848;130;33,92;;
849;130;33,96;;
850;130;34;;
851;130;34,04;;
852;129;34,08;;
853;130;34,12;;
854;129;34,16;;
855;129;34,2;;
856;129;34,24;;
857;129;34,28;;
858;130;34,32;;
859;130;34,36;;
860;131;34,4;;
861;129;34,44;;
862;129;34,48;;
863;130;34,52;;
864;130;34,56;;
865;130;34,6;;
866;130;34,64;;
867;130;34,68;;
868;129;34,72;;
869;129;34,76;;
870;130;34,8;;
871;130;34,84;;
872;129;34,88;;
873;129;34,92;;
874;129;34,96;;
875;129;35;;
876;130;35,04;;
877;129;35,08;;
878;129;35,12;;
879;130;35,16;;
880;130;35,2;;
881;129;35,24;;
882;130;35,28;;
883;130;35,32;;
884;130;35,36;;
885;130;35,4;;
886;129;35,44;;
887;129;35,48;;
888;129;35,52;;
889;129;35,56;;
890;130;35,6;;
891;129;35,64;;
892;130;35,68;;
893;129;35,72;;
894;130;35,76;;
895;130;35,8;;
896;129;35,84;;
897;129;35,88;;
898;130;35,92;;
899;129;35,96;;
900;130;36;;
901;118;36,04;;
902;129;36,08;;
903;129;36,12;;
904;129;36,16;;
905;130;36,2;;
906;129;36,24;;
907;130;36,28;;
908;129;36,32;;
909;128;36,36;;
910;128;36,4;;
911;130;36,44;;
912;131;36,48;;
913;131;36,52;;
914;130;36,56;;
915;129;36,6;;
916;130;36,64;;
917;131;36,68;;
918;130;36,72;;
919;129;36,76;;
920;129;36,8;;
921;130;36,84;;
922;130;36,88;;
923;129;36,92;;
924;129;36,96;;
925;130;37;;
926;130;37,04;;
927;129;37,08;;
928;129;37,12;;
929;131;37,16;;
930;129;37,2;;
931;130;37,24;;
932;131;37,28;;
933;130;37,32;;
934;129;37,36;;
935;130;37,4;;
936;129;37,44;;
937;130;37,48;;
938;131;37,52;;
939;130;37,56;;
940;130;37,6;;
941;130;37,64;;
942;132;37,68;;
943;131;37,72;;
944;130;37,76;;
945;130;37,8;;
946;131;37,84;;
947;130;37,88;;
948;131;37,92;;
949;129;37,96;;
950;130;38;;
951;131;38,04;;
952;130;38,08;;
953;129;38,12;;
954;130;38,16;;
955;130;38,2;;
956;130;38,24;;
957;130;38,28;;
958;130;38,32;;
959;128;38,36;;
960;130;38,4;;
961;130;38,44;;
962;129;38,48;;
963;130;38,52;;
964;129;38,56;;
965;130;38,6;;
966;131;38,64;;
967;131;38,68;;
968;131;38,72;;
969;130;38,76;;
970;131;38,8;;
971;131;38,84;;
972;130;38,88;;
973;129;38,92;;
974;130;38,96;;
975;129;39;;
976;129;39,04;;
977;130;39,08;;
978;130;39,12;;
979;130;39,16;;
980;130;39,2;;
981;130;39,24;;
982;130;39,28;;
983;128;39,32;;
984;130;39,36;;
985;129;39,4;;
986;129;39,44;;
987;130;39,48;;
988;130;39,52;;
989;130;39,56;;
990;129;39,6;;
991;130;39,64;;
992;129;39,68;;
993;129;39,72;;
994;130;39,76;;
995;130;39,8;;
996;130;39,84;;
997;131;39,88;;
998;129;39,92;;
999;129;39,96;;
1000;131;40;;
1001;130;40,04;;
1002;129;40,08;;
1003;130;40,12;;
1004;131;40,16;;
1005;130;40,2;;
1006;130;40,24;;
1007;130;40,28;;
1008;130;40,32;;
1009;128;40,36;;
1010;129;40,4;;
1011;130;40,44;;
1012;130;40,48;;
1013;130;40,52;;
1014;130;40,56;;
1015;130;40,6;;
1016;130;40,64;;
1017;133;40,68;;
1018;143;40,72;;
1019;155;40,76;;
1020;169;40,8;;
1021;179;40,84;;
1022;188;40,88;;
1023;195;40,92;;
1024;190;40,96;;
1025;204;41;;
1026;207;41,04;;
1027;209;41,08;;
1028;210;41,12;;
1029;211;41,16;;
1030;211;41,2;;
1031;211;41,24;;
1032;212;41,28;;
1033;208;41,32;;
1034;211;41,36;;
1035;211;41,4;;
1036;211;41,44;;
1037;210;41,48;;
1038;210;41,52;;
1039;208;41,56;;
1040;208;41,6;;
1041;208;41,64;;
1042;207;41,68;;
1043;206;41,72;;
1044;206;41,76;;
1045;206;41,8;;
1046;205;41,84;;
1047;204;41,88;;
1048;204;41,92;;
1049;204;41,96;;
1050;204;42;;
1051;205;42,04;;
1052;201;42,08;;
1053;201;42,12;;
1054;202;42,16;;
1055;201;42,2;;
1056;201;42,24;;
1057;200;42,28;;
1058;199;42,32;;
1059;198;42,36;;
1060;197;42,4;;
1061;198;42,44;;
1062;197;42,48;;
1063;197;42,52;;
1064;196;42,56;;
1065;193;42,6;;
1066;196;42,64;;
1067;194;42,68;;
1068;194;42,72;;
1069;194;42,76;;
1070;194;42,8;;
1071;193;42,84;;
1072;192;42,88;;
1073;193;42,92;;
1074;193;42,96;;
1075;192;43;;
1076;191;43,04;;
1077;192;43,08;;
1078;191;43,12;;
1079;190;43,16;;
1080;190;43,2;;
1081;189;43,24;;
1082;189;43,28;;
1083;189;43,32;;
1084;190;43,36;;
1085;187;43,4;;
1086;187;43,44;;
1087;187;43,48;;
1088;187;43,52;;
1089;186;43,56;;
1090;186;43,6;;
1091;185;43,64;;
1092;185;43,68;;
1093;185;43,72;;
1094;184;43,76;;
1095;184;43,8;;
1096;184;43,84;;
1097;183;43,88;;
1098;182;43,92;;
1099;181;43,96;;
1100;182;44;;
1101;182;44,04;;
1102;181;44,08;;
1103;181;44,12;;
1104;181;44,16;;
1105;181;44,2;;
1106;181;44,24;;
1107;180;44,28;;
1108;179;44,32;;
1109;179;44,36;;
1110;179;44,4;;
1111;179;44,44;;
1112;178;44,48;;
1113;179;44,52;;
1114;177;44,56;;
1115;177;44,6;;
1116;178;44,64;;
1117;177;44,68;;
1118;176;44,72;;
1119;177;44,76;;
1120;175;44,8;;
1121;175;44,84;;
1122;175;44,88;;
1123;175;44,92;;
1124;174;44,96;;
1125;174;45;;
1126;174;45,04;;
1127;173;45,08;;
1128;174;45,12;;
1129;172;45,16;;
1130;172;45,2;;
1131;173;45,24;;
1132;171;45,28;;
1133;171;45,32;;
1134;171;45,36;;
1135;171;45,4;;
1136;172;45,44;;
1137;171;45,48;;
1138;170;45,52;;
1139;171;45,56;;
1140;170;45,6;;
1141;169;45,64;;
1142;170;45,68;;
1143;169;45,72;;
1144;170;45,76;;
1145;168;45,8;;
1146;168;45,84;;
1147;169;45,88;;
1148;169;45,92;;
1149;168;45,96;;
1150;167;46;;
1151;167;46,04;;
1152;167;46,08;;
1153;166;46,12;;
1154;166;46,16;;
1155;166;46,2;;
1156;167;46,24;;
1157;166;46,28;;
1158;165;46,32;;
1159;165;46,36;;
1160;164;46,4;;
1161;164;46,44;;
1162;165;46,48;;
1163;164;46,52;;
1164;163;46,56;;
1165;164;46,6;;
1166;162;46,64;;
1167;163;46,68;;
1168;163;46,72;;
1169;163;46,76;;
1170;161;46,8;;
1171;163;46,84;;
1172;163;46,88;;
1173;162;46,92;;
1174;161;46,96;;
1175;161;47;;
1176;161;47,04;;
1177;161;47,08;;
1178;160;47,12;;
1179;159;47,16;;
1180;160;47,2;;
1181;160;47,24;;
1182;159;47,28;;
1183;160;47,32;;
1184;159;47,36;;
1185;160;47,4;;
1186;161;47,44;;
1187;160;47,48;;
1188;160;47,52;;
1189;158;47,56;;
1190;159;47,6;;
1191;159;47,64;;
1192;158;47,68;;
1193;158;47,72;;
1194;158;47,76;;
1195;157;47,8;;
1196;157;47,84;;
1197;158;47,88;;
1198;156;47,92;;
1199;156;47,96;;
1200;157;48;;
1201;156;48,04;;
1202;156;48,08;;
1203;155;48,12;;
1204;156;48,16;;
1205;156;48,2;;
1206;155;48,24;;
1207;155;48,28;;
1208;155;48,32;;
1209;154;48,36;;
1210;155;48,4;;
1211;153;48,44;;
1212;154;48,48;;
1213;155;48,52;;
1214;153;48,56;;
1215;154;48,6;;
1216;153;48,64;;
1217;154;48,68;;
1218;153;48,72;;
1219;153;48,76;;
1220;152;48,8;;
1221;154;48,84;;
1222;152;48,88;;
1223;153;48,92;;
1224;152;48,96;;
1225;152;49;;
1226;152;49,04;;
1227;151;49,08;;
1228;152;49,12;;
1229;150;49,16;;
1230;152;49,2;;
1231;151;49,24;;
1232;151;49,28;;
1233;150;49,32;;
1234;151;49,36;;
1235;151;49,4;;
1236;149;49,44;;
1237;150;49,48;;
1238;149;49,52;;
1239;151;49,56;;
1240;150;49,6;;
1241;150;49,64;;
1242;149;49,68;;
1243;156;49,72;;
1244;149;49,76;;
1245;150;49,8;;
1246;148;49,84;;
1247;149;49,88;;
1248;149;49,92;;
1249;148;49,96;;
1250;148;50;;
1251;151;50,04;;
1252;147;50,08;;
1253;149;50,12;;
1254;149;50,16;;
1255;148;50,2;;
1256;147;50,24;;
1257;147;50,28;;
1258;147;50,32;;
1259;148;50,36;;
1260;147;50,4;;
1261;147;50,44;;
1262;146;50,48;;
1263;146;50,52;;
1264;146;50,56;;
1265;146;50,6;;
1266;147;50,64;;
1267;147;50,68;;
1268;145;50,72;;
1269;145;50,76;;
1270;146;50,8;;
1271;145;50,84;;
1272;145;50,88;;
1273;145;50,92;;
1274;145;50,96;;
1275;145;51;;
1276;144;51,04;;
1277;145;51,08;;
1278;144;51,12;;
1279;143;51,16;;
1280;145;51,2;;
1281;144;51,24;;
1282;145;51,28;;
1283;145;51,32;;
1284;142;51,36;;
1285;144;51,4;;
1286;145;51,44;;
1287;144;51,48;;
1288;143;51,52;;
1289;144;51,56;;
1290;144;51,6;;
1291;144;51,64;;
1292;142;51,68;;
1293;144;51,72;;
1294;142;51,76;;
1295;142;51,8;;
1296;142;51,84;;
1297;143;51,88;;
1298;143;51,92;;
1299;142;51,96;;
1300;142;52;;
1301;142;52,04;;
1302;144;52,08;;
1303;142;52,12;;
1304;141;52,16;;
1305;141;52,2;;
1306;141;52,24;;
1307;142;52,28;;
1308;140;52,32;;
1309;141;52,36;;
1310;141;52,4;;
1311;142;52,44;;
1312;142;52,48;;
1313;140;52,52;;
1314;140;52,56;;
1315;140;52,6;;
1316;139;52,64;;
1317;140;52,68;;
1318;140;52,72;;
1319;140;52,76;;
1320;139;52,8;;
1321;140;52,84;;
1322;139;52,88;;
1323;139;52,92;;
1324;140;52,96;;
1325;138;53;;
1326;139;53,04;;
1327;140;53,08;;
1328;139;53,12;;
1329;140;53,16;;
1330;139;53,2;;
1331;140;53,24;;
1332;139;53,28;;
1333;139;53,32;;
1334;138;53,36;;
1335;139;53,4;;
1336;139;53,44;;
1337;138;53,48;;
1338;139;53,52;;
1339;138;53,56;;
1340;139;53,6;;
1341;138;53,64;;
1342;138;53,68;;
1343;138;53,72;;
1344;137;53,76;;
1345;139;53,8;;
1346;138;53,84;;
1347;139;53,88;;
1348;138;53,92;;
1349;138;53,96;;
1350;137;54;;
1351;136;54,04;;
1352;137;54,08;;
1353;137;54,12;;
1354;137;54,16;;
1355;137;54,2;;
1356;137;54,24;;
1357;138;54,28;;
1358;137;54,32;;
1359;137;54,36;;
1360;137;54,4;;
1361;136;54,44;;
1362;136;54,48;;
1363;137;54,52;;
1364;135;54,56;;
1365;137;54,6;;
1366;137;54,64;;
1367;136;54,68;;
1368;135;54,72;;
1369;137;54,76;;
1370;136;54,8;;
1371;135;54,84;;
1372;136;54,88;;
1373;136;54,92;;
1374;136;54,96;;
1375;136;55;;
1376;136;55,04;;
1377;136;55,08;;
1378;135;55,12;;
1379;135;55,16;;
1380;135;55,2;;
1381;135;55,24;;
1382;134;55,28;;
1383;136;55,32;;
1384;135;55,36;;
1385;135;55,4;;
1386;135;55,44;;
1387;135;55,48;;
1388;135;55,52;;
1389;135;55,56;;
1390;134;55,6;;
1391;133;55,64;;
1392;134;55,68;;
1393;134;55,72;;
1394;135;55,76;;
1395;135;55,8;;
1396;135;55,84;;
1397;134;55,88;;
1398;135;55,92;;
1399;134;55,96;;
1400;134;56;;
1401;134;56,04;;
1402;134;56,08;;
1403;134;56,12;;
1404;134;56,16;;
1405;134;56,2;;
1406;133;56,24;;
1407;134;56,28;;
1408;134;56,32;;
1409;134;56,36;;
1410;134;56,4;;
1411;133;56,44;;
1412;133;56,48;;
1413;133;56,52;;
1414;133;56,56;;
1415;133;56,6;;
1416;133;56,64;;
1417;133;56,68;;
1418;133;56,72;;
1419;133;56,76;;
1420;133;56,8;;
1421;132;56,84;;
1422;134;56,88;;
1423;133;56,92;;
1424;133;56,96;;
1425;133;57;;
1426;132;57,04;;
1427;133;57,08;;
1428;133;57,12;;
1429;133;57,16;;
1430;134;57,2;;
1431;132;57,24;;
1432;132;57,28;;
1433;132;57,32;;
1434;132;57,36;;
1435;132;57,4;;
1436;132;57,44;;
1437;133;57,48;;
1438;131;57,52;;
1439;131;57,56;;
1440;133;57,6;;
1441;132;57,64;;
1442;131;57,68;;
1443;133;57,72;;
1444;131;57,76;;
1445;133;57,8;;
1446;132;57,84;;
1447;131;57,88;;
1448;131;57,92;;
1449;132;57,96;;
1450;132;58;;
1451;132;58,04;;
1452;132;58,08;;
1453;131;58,12;;
1454;132;58,16;;
1455;131;58,2;;
1456;131;58,24;;
1457;130;58,28;;
1458;132;58,32;;
1459;131;58,36;;
1460;131;58,4;;
1461;131;58,44;;
1462;131;58,48;;
1463;130;58,52;;
1464;131;58,56;;
1465;131;58,6;;
1466;131;58,64;;
1467;132;58,68;;
1468;131;58,72;;
1469;132;58,76;;
1470;130;58,8;;
1471;131;58,84;;
1472;131;58,88;;
1473;131;58,92;;
1474;130;58,96;;
1475;130;59;;
1476;131;59,04;;
1477;131;59,08;;
1478;130;59,12;;
1479;131;59,16;;
1480;131;59,2;;
1481;130;59,24;;
1482;131;59,28;;
1483;130;59,32;;
1484;129;59,36;;
1485;130;59,4;;
1486;130;59,44;;
1487;130;59,48;;
1488;130;59,52;;
1489;130;59,56;;
1490;129;59,6;;
1491;130;59,64;;
1492;130;59,68;;
1493;130;59,72;;
1494;130;59,76;;
1495;129;59,8;;
1496;130;59,84;;
1497;130;59,88;;
1498;129;59,92;;
1499;133;59,96;;
1500;129;60;;
1501;130;60,04;;
1502;130;60,08;;
1503;130;60,12;;
1504;129;60,16;;
1505;130;60,2;;
1506;129;60,24;;
1507;129;60,28;;
1508;130;60,32;;
1509;130;60,36;;
1510;130;60,4;;
1511;129;60,44;;
1512;129;60,48;;
1513;129;60,52;;
1514;130;60,56;;
1515;127;60,6;;
1516;129;60,64;;
1517;130;60,68;;
1518;128;60,72;;
1519;130;60,76;;
1520;130;60,8;;
1521;126;60,84;;
1522;129;60,88;;
1523;129;60,92;;
1524;129;60,96;;
1525;130;61;;
1526;128;61,04;;
1527;128;61,08;;
1528;129;61,12;;
1529;128;61,16;;
1530;128;61,2;;
1531;128;61,24;;
1532;128;61,28;;
1533;129;61,32;;
1534;129;61,36;;
1535;129;61,4;;
1536;128;61,44;;
1537;129;61,48;;
1538;128;61,52;;
1539;128;61,56;;
1540;128;61,6;;
1541;129;61,64;;
1542;128;61,68;;
1543;128;61,72;;
1544;128;61,76;;
1545;129;61,8;;
1546;128;61,84;;
1547;128;61,88;;
1548;129;61,92;;
1549;128;61,96;;
1550;128;62;;
1551;129;62,04;;
1552;128;62,08;;
1553;123;62,12;;
1554;128;62,16;;
1555;128;62,2;;
1556;128;62,24;;
1557;128;62,28;;
1558;128;62,32;;
1559;128;62,36;;
1560;128;62,4;;
1561;128;62,44;;
1562;127;62,48;;
1563;128;62,52;;
1564;127;62,56;;
1565;128;62,6;;
1566;128;62,64;;
1567;127;62,68;;
1568;128;62,72;;
1569;128;62,76;;
1570;128;62,8;;
1571;129;62,84;;
1572;128;62,88;;
1573;127;62,92;;
1574;128;62,96;;
1575;127;63;;
1576;129;63,04;;
1577;129;63,08;;
1578;128;63,12;;
1579;127;63,16;;
1580;128;63,2;;
1581;128;63,24;;
1582;127;63,28;;
1583;127;63,32;;
1584;130;63,36;;
1585;127;63,4;;
1586;128;63,44;;
1587;127;63,48;;
1588;128;63,52;;
1589;128;63,56;;
1590;128;63,6;;
1591;128;63,64;;
1592;127;63,68;;
1593;128;63,72;;
1594;125;63,76;;
1595;127;63,8;;
1596;126;63,84;;
1597;128;63,88;;
1598;127;63,92;;
1599;127;63,96;;
1600;127;64;;
1601;127;64,04;;
1602;128;64,08;;
1603;128;64,12;;
1604;127;64,16;;
1605;127;64,2;;
1606;127;64,24;;
1607;127;64,28;;
1608;127;64,32;;
1609;127;64,36;;
1610;127;64,4;;
1611;128;64,44;;
1612;129;64,48;;
1613;127;64,52;;
1614;128;64,56;;
1615;128;64,6;;
1616;127;64,64;;
1617;127;64,68;;
1618;127;64,72;;
1619;127;64,76;;
1620;127;64,8;;
1621;127;64,84;;
1622;125;64,88;;
1623;127;64,92;;
1624;127;64,96;;
1625;127;65;;
1626;133;65,04;;
1627;127;65,08;;
1628;127;65,12;;
1629;126;65,16;;
1630;127;65,2;;
1631;127;65,24;;
1632;127;65,28;;
1633;127;65,32;;
1634;126;65,36;;
1635;125;65,4;;
1636;128;65,44;;
1637;128;65,48;;
1638;127;65,52;;
1639;127;65,56;;
1640;126;65,6;;
1641;126;65,64;;
1642;126;65,68;;
1643;127;65,72;;
1644;128;65,76;;
1645;126;65,8;;
1646;127;65,84;;
1647;127;65,88;;
1648;127;65,92;;
1649;128;65,96;;
1650;128;66;;
1651;127;66,04;;
1652;126;66,08;;
1653;127;66,12;;
1654;127;66,16;;
1655;128;66,2;;
1656;127;66,24;;
1657;127;66,28;;
1658;126;66,32;;
1659;127;66,36;;
1660;126;66,4;;
1661;128;66,44;;
1662;128;66,48;;
1663;127;66,52;;
1664;127;66,56;;
1665;126;66,6;;
1666;127;66,64;;
1667;132;66,68;;
1668;126;66,72;;
1669;126;66,76;;
1670;127;66,8;;
1671;127;66,84;;
1672;126;66,88;;
1673;127;66,92;;
1674;126;66,96;;
1675;126;67;;
1676;127;67,04;;
1677;127;67,08;;
1678;126;67,12;;
1679;127;67,16;;
1680;127;67,2;;
1681;126;67,24;;
1682;127;67,28;;
1683;126;67,32;;
1684;127;67,36;;
1685;126;67,4;;
1686;127;67,44;;
1687;127;67,48;;
1688;126;67,52;;
1689;127;67,56;;
1690;126;67,6;;
1691;126;67,64;;
1692;127;67,68;;
1693;127;67,72;;
1694;126;67,76;;
1695;127;67,8;;
1696;126;67,84;;
1697;126;67,88;;
1698;127;67,92;;
1699;126;67,96;;
1700;127;68;;
1701;126;68,04;;
1702;127;68,08;;
1703;126;68,12;;
1704;126;68,16;;
1705;126;68,2;;
1706;126;68,24;;
1707;127;68,28;;
1708;129;68,32;;
1709;126;68,36;;
1710;127;68,4;;
1711;126;68,44;;
1712;127;68,48;;
1713;127;68,52;;
1714;126;68,56;;
1715;126;68,6;;
1716;126;68,64;;
1717;127;68,68;;
1718;127;68,72;;
1719;126;68,76;;
1720;126;68,8;;
1721;126;68,84;;
1722;127;68,88;;
1723;127;68,92;;
1724;126;68,96;;
1725;127;69;;
1726;126;69,04;;
1727;126;69,08;;
1728;125;69,12;;
1729;126;69,16;;
1730;126;69,2;;
1731;126;69,24;;
1732;127;69,28;;
1733;126;69,32;;
1734;126;69,36;;
1735;127;69,4;;
1736;127;69,44;;
1737;126;69,48;;
1738;127;69,52;;
1739;126;69,56;;
1740;123;69,6;;
1741;126;69,64;;
1742;127;69,68;;
1743;127;69,72;;
1744;126;69,76;;
1745;127;69,8;;
1746;127;69,84;;
1747;126;69,88;;
1748;127;69,92;;
1749;126;69,96;;
1750;127;70;;
1751;126;70,04;;
1752;127;70,08;;
1753;127;70,12;;
1754;126;70,16;;
1755;126;70,2;;
1756;127;70,24;;
1757;127;70,28;;
1758;127;70,32;;
1759;126;70,36;;
1760;126;70,4;;
1761;126;70,44;;
1762;126;70,48;;
1763;127;70,52;;
1764;127;70,56;;
1765;126;70,6;;
1766;127;70,64;;
1767;126;70,68;;
1768;127;70,72;;
1769;127;70,76;;
1770;126;70,8;;
1771;126;70,84;;
1772;122;70,88;;
1773;126;70,92;;
1774;127;70,96;;
1775;127;71;;
1776;126;71,04;;
1777;127;71,08;;
1778;125;71,12;;
1779;126;71,16;;
1780;126;71,2;;
1781;129;71,24;;
1782;126;71,28;;
1783;127;71,32;;
1784;127;71,36;;
1785;126;71,4;;
1786;126;71,44;;
1787;127;71,48;;
1788;127;71,52;;
1789;127;71,56;;
1790;126;71,6;;
1791;126;71,64;;
1792;127;71,68;;
1793;127;71,72;;
1794;126;71,76;;
1795;127;71,8;;
1796;126;71,84;;
1797;126;71,88;;
1798;126;71,92;;
1799;125;71,96;;
1800;126;72;;
1801;127;72,04;;
1802;126;72,08;;
1803;126;72,12;;
1804;126;72,16;;
1805;127;72,2;;
1806;127;72,24;;
1807;127;72,28;;
1808;127;72,32;;
1809;127;72,36;;
1810;127;72,4;;
1811;127;72,44;;
1812;126;72,48;;
1813;129;72,52;;
1814;125;72,56;;
1815;126;72,6;;
1816;126;72,64;;
1817;126;72,68;;
1818;127;72,72;;
1819;126;72,76;;
1820;125;72,8;;
1821;126;72,84;;
1822;127;72,88;;
1823;128;72,92;;
1824;127;72,96;;
1825;128;73;;
1826;127;73,04;;
1827;126;73,08;;
1828;126;73,12;;
1829;126;73,16;;
1830;126;73,2;;
1831;127;73,24;;
1832;126;73,28;;
1833;126;73,32;;
1834;126;73,36;;
1835;126;73,4;;
1836;126;73,44;;
1837;127;73,48;;
1838;127;73,52;;
1839;127;73,56;;
1840;126;73,6;;
1841;126;73,64;;
1842;126;73,68;;
1843;126;73,72;;
1844;126;73,76;;
1845;131;73,8;;
1846;126;73,84;;
1847;127;73,88;;
1848;126;73,92;;
1849;127;73,96;;
1850;127;74;;
1851;127;74,04;;
1852;128;74,08;;
1853;126;74,12;;
1854;126;74,16;;
1855;126;74,2;;
1856;126;74,24;;
1857;126;74,28;;
1858;126;74,32;;
1859;126;74,36;;
1860;126;74,4;;
1861;127;74,44;;
1862;126;74,48;;
1863;128;74,52;;
1864;126;74,56;;
1865;125;74,6;;
1866;126;74,64;;
1867;125;74,68;;
1868;127;74,72;;
1869;127;74,76;;
1870;125;74,8;;
1871;126;74,84;;
1872;126;74,88;;
1873;127;74,92;;
1874;127;74,96;;
1875;126;75;;
1876;127;75,04;;
1877;126;75,08;;
1878;126;75,12;;
1879;127;75,16;;
1880;127;75,2;;
1881;127;75,24;;
1882;127;75,28;;
1883;127;75,32;;
1884;126;75,36;;
1885;125;75,4;;
1886;128;75,44;;
1887;126;75,48;;
1888;126;75,52;;
1889;126;75,56;;
1890;125;75,6;;
1891;127;75,64;;
1892;127;75,68;;
1893;127;75,72;;
1894;126;75,76;;
1895;128;75,8;;
1896;126;75,84;;
1897;126;75,88;;
1898;127;75,92;;
1899;127;75,96;;
1900;127;76;;
1901;125;76,04;;
1902;126;76,08;;
1903;127;76,12;;
1904;127;76,16;;
1905;126;76,2;;
1906;127;76,24;;
1907;127;76,28;;
1908;126;76,32;;
1909;126;76,36;;
1910;126;76,4;;
1911;126;76,44;;
1912;127;76,48;;
1913;126;76,52;;
1914;127;76,56;;
1915;126;76,6;;
1916;128;76,64;;
1917;126;76,68;;
1918;125;76,72;;
1919;126;76,76;;
1920;127;76,8;;
1921;127;76,84;;
1922;127;76,88;;
1923;127;76,92;;
1924;127;76,96;;
1925;126;77;;
1926;126;77,04;;
1927;128;77,08;;
1928;127;77,12;;
1929;126;77,16;;
1930;126;77,2;;
1931;127;77,24;;
1932;127;77,28;;
1933;126;77,32;;
1934;127;77,36;;
1935;126;77,4;;
1936;126;77,44;;
1937;126;77,48;;
1938;126;77,52;;
1939;126;77,56;;
1940;126;77,6;;
1941;126;77,64;;
1942;126;77,68;;
1943;126;77,72;;
1944;126;77,76;;
1945;127;77,8;;
1946;127;77,84;;
1947;126;77,88;;
1948;126;77,92;;
1949;126;77,96;;
1950;126;78;;
1951;128;78,04;;
1952;126;78,08;;
1953;127;78,12;;
1954;127;78,16;;
1955;127;78,2;;
1956;126;78,24;;
1957;127;78,28;;
1958;127;78,32;;
1959;127;78,36;;
1960;127;78,4;;
1961;126;78,44;;
1962;127;78,48;;
1963;127;78,52;;
1964;127;78,56;;
1965;127;78,6;;
1966;127;78,64;;
1967;126;78,68;;
1968;126;78,72;;
1969;127;78,76;;
1970;127;78,8;;
1971;127;78,84;;
1972;127;78,88;;
1973;127;78,92;;
1974;126;78,96;;
1975;126;79;;
1976;126;79,04;;
1977;123;79,08;;
1978;126;79,12;;
1979;126;79,16;;
1980;127;79,2;;
1981;126;79,24;;
1982;127;79,28;;
1983;127;79,32;;
1984;126;79,36;;
1985;127;79,4;;
1986;126;79,44;;
1987;127;79,48;;
1988;126;79,52;;
1989;127;79,56;;
1990;127;79,6;;
1991;127;79,64;;
1992;127;79,68;;
1993;126;79,72;;
1994;128;79,76;;
1995;127;79,8;;
1996;127;79,84;;
1997;126;79,88;;
1998;126;79,92;;
1999;127;79,96;;
2000;126;80;;
2001;126;80,04;;
2002;127;80,08;;
2003;127;80,12;;
2004;126;80,16;;
2005;127;80,2;;
2006;127;80,24;;
2007;126;80,28;;
2008;127;80,32;;
2009;128;80,36;;
2010;127;80,4;;
2011;127;80,44;;
2012;126;80,48;;
2013;126;80,52;;
2014;127;80,56;;
2015;126;80,6;;
2016;128;80,64;;
2017;127;80,68;;
2018;124;80,72;;
2019;127;80,76;;
2020;126;80,8;;
2021;126;80,84;;
2022;127;80,88;;
2023;127;80,92;;
2024;127;80,96;;
2025;128;81;;
2026;125;81,04;;
2027;127;81,08;;
2028;127;81,12;;
2029;127;81,16;;
2030;127;81,2;;
2031;127;81,24;;
2032;127;81,28;;
2033;126;81,32;;
2034;127;81,36;;
2035;126;81,4;;
2036;127;81,44;;
2037;127;81,48;;
2038;127;81,52;;
2039;127;81,56;;
2040;127;81,6;;
2041;128;81,64;;
2042;127;81,68;;
2043;127;81,72;;
2044;127;81,76;;
2045;128;81,8;;
2046;128;81,84;;
2047;126;81,88;;
2048;127;81,92;;
2049;127;81,96;;
2050;125;82;;
2051;127;82,04;;
2052;127;82,08;;
2053;127;82,12;;
2054;127;82,16;;
2055;126;82,2;;
2056;127;82,24;;
2057;127;82,28;;
2058;127;82,32;;
2059;126;82,36;;
2060;127;82,4;;
2061;127;82,44;;
2062;127;82,48;;
2063;127;82,52;;
2064;127;82,56;;
2065;127;82,6;;
2066;127;82,64;;
2067;127;82,68;;
2068;129;82,72;;
2069;126;82,76;;
2070;128;82,8;;
2071;127;82,84;;
2072;127;82,88;;
2073;127;82,92;;
2074;128;82,96;;
2075;127;83;;
2076;127;83,04;;
2077;126;83,08;;
2078;126;83,12;;
2079;127;83,16;;
2080;128;83,2;;
2081;126;83,24;;
2082;128;83,28;;
2083;127;83,32;;
2084;128;83,36;;
2085;127;83,4;;
2086;127;83,44;;
2087;127;83,48;;
2088;127;83,52;;
2089;127;83,56;;
2090;127;83,6;;
2091;131;83,64;;
2092;127;83,68;;
2093;128;83,72;;
2094;128;83,76;;
2095;127;83,8;;
2096;128;83,84;;
2097;127;83,88;;
2098;127;83,92;;
2099;128;83,96;;
2100;127;84;;
2101;128;84,04;;
2102;128;84,08;;
2103;128;84,12;;
2104;126;84,16;;
2105;127;84,2;;
2106;128;84,24;;
2107;127;84,28;;
2108;128;84,32;;
2109;127;84,36;;
2110;128;84,4;;
2111;128;84,44;;
2112;127;84,48;;
2113;126;84,52;;
2114;127;84,56;;
2115;127;84,6;;
2116;128;84,64;;
2117;127;84,68;;
2118;125;84,72;;
2119;128;84,76;;
2120;127;84,8;;
2121;127;84,84;;
2122;127;84,88;;
2123;128;84,92;;
2124;127;84,96;;
2125;127;85;;
2126;127;85,04;;
2127;127;85,08;;
2128;127;85,12;;
2129;127;85,16;;
2130;128;85,2;;
2131;128;85,24;;
2132;128;85,28;;
2133;128;85,32;;
2134;127;85,36;;
2135;127;85,4;;
2136;129;85,44;;
2137;128;85,48;;
2138;127;85,52;;
2139;128;85,56;;
2140;127;85,6;;
2141;127;85,64;;
2142;128;85,68;;
2143;127;85,72;;
2144;127;85,76;;
2145;127;85,8;;
2146;127;85,84;;
2147;128;85,88;;
2148;127;85,92;;
2149;127;85,96;;
2150;128;86;;
2151;127;86,04;;
2152;127;86,08;;
2153;128;86,12;;
2154;127;86,16;;
2155;127;86,2;;
2156;127;86,24;;
2157;128;86,28;;
2158;128;86,32;;
2159;127;86,36;;
2160;127;86,4;;
2161;128;86,44;;
2162;127;86,48;;
2163;128;86,52;;
2164;129;86,56;;
2165;127;86,6;;
2166;128;86,64;;
2167;128;86,68;;
2168;127;86,72;;
2169;127;86,76;;
2170;127;86,8;;
2171;127;86,84;;
2172;127;86,88;;
2173;128;86,92;;
2174;128;86,96;;
2175;127;87;;
2176;128;87,04;;
2177;128;87,08;;
2178;128;87,12;;
2179;128;87,16;;
2180;128;87,2;;
2181;129;87,24;;
2182;128;87,28;;
2183;128;87,32;;
2184;128;87,36;;
2185;128;87,4;;
2186;128;87,44;;
2187;128;87,48;;
2188;128;87,52;;
2189;127;87,56;;
2190;128;87,6;;
2191;128;87,64;;
2192;129;87,68;;
2193;128;87,72;;
2194;128;87,76;;
2195;128;87,8;;
2196;128;87,84;;
2197;127;87,88;;
2198;128;87,92;;
2199;128;87,96;;
2200;128;88;;
2201;128;88,04;;
2202;129;88,08;;
2203;127;88,12;;
2204;128;88,16;;
2205;131;88,2;;
2206;128;88,24;;
2207;128;88,28;;
2208;128;88,32;;
2209;129;88,36;;
2210;128;88,4;;
2211;129;88,44;;
2212;128;88,48;;
2213;130;88,52;;
2214;129;88,56;;
2215;128;88,6;;
2216;127;88,64;;
2217;129;88,68;;
2218;128;88,72;;
2219;128;88,76;;
2220;128;88,8;;
2221;128;88,84;;
2222;128;88,88;;
2223;129;88,92;;
2224;128;88,96;;
2225;128;89;;
2226;128;89,04;;
2227;128;89,08;;
2228;128;89,12;;
2229;128;89,16;;
2230;128;89,2;;
2231;129;89,24;;
2232;127;89,28;;
2233;128;89,32;;
2234;128;89,36;;
2235;127;89,4;;
2236;128;89,44;;
2237;130;89,48;;
2238;128;89,52;;
2239;128;89,56;;
2240;128;89,6;;
2241;129;89,64;;
2242;129;89,68;;
2243;128;89,72;;
2244;129;89,76;;
2245;128;89,8;;
2246;126;89,84;;
2247;128;89,88;;
2248;127;89,92;;
2249;128;89,96;;
2250;129;90;;
2251;129;90,04;;
2252;128;90,08;;
2253;128;90,12;;
2254;128;90,16;;
2255;127;90,2;;
2256;128;90,24;;
2257;128;90,28;;
2258;129;90,32;;
2259;128;90,36;;
2260;129;90,4;;
2261;129;90,44;;
2262;128;90,48;;
2263;127;90,52;;
2264;128;90,56;;
2265;128;90,6;;
2266;128;90,64;;
2267;128;90,68;;
2268;129;90,72;;
2269;129;90,76;;
2270;129;90,8;;
2271;128;90,84;;
2272;129;90,88;;
2273;127;90,92;;
2274;127;90,96;;
2275;129;91;;
2276;128;91,04;;
2277;128;91,08;;
2278;132;91,12;;
2279;129;91,16;;
2280;128;91,2;;
2281;130;91,24;;
2282;128;91,28;;
2283;128;91,32;;
2284;128;91,36;;
2285;129;91,4;;
2286;129;91,44;;
2287;130;91,48;;
2288;129;91,52;;
2289;128;91,56;;
2290;128;91,6;;
2291;128;91,64;;
2292;127;91,68;;
2293;128;91,72;;
2294;129;91,76;;
2295;129;91,8;;
2296;129;91,84;;
2297;129;91,88;;
2298;128;91,92;;
2299;129;91,96;;
2300;129;92;;
2301;129;92,04;;
2302;127;92,08;;
2303;129;92,12;;
2304;129;92,16;;
2305;128;92,2;;
2306;129;92,24;;
2307;129;92,28;;
2308;129;92,32;;
2309;129;92,36;;
2310;130;92,4;;
2311;128;92,44;;
2312;129;92,48;;
2313;129;92,52;;
2314;128;92,56;;
2315;128;92,6;;
2316;128;92,64;;
2317;129;92,68;;
2318;128;92,72;;
2319;126;92,76;;
2320;129;92,8;;
2321;129;92,84;;
2322;129;92,88;;
2323;129;92,92;;
2324;128;92,96;;
2325;129;93;;
2326;129;93,04;;
2327;129;93,08;;
2328;129;93,12;;
2329;129;93,16;;
2330;129;93,2;;
2331;129;93,24;;
2332;128;93,28;;
2333;129;93,32;;
2334;128;93,36;;
2335;129;93,4;;
2336;128;93,44;;
2337;128;93,48;;
2338;129;93,52;;
2339;128;93,56;;
2340;129;93,6;;
2341;130;93,64;;
2342;128;93,68;;
2343;129;93,72;;
2344;128;93,76;;
2345;129;93,8;;
2346;131;93,84;;
2347;128;93,88;;
2348;128;93,92;;
2349;129;93,96;;
2350;129;94;;
2351;123;94,04;;
2352;129;94,08;;
2353;128;94,12;;
2354;129;94,16;;
2355;128;94,2;;
2356;128;94,24;;
2357;129;94,28;;
2358;129;94,32;;
2359;128;94,36;;
2360;126;94,4;;
2361;129;94,44;;
2362;129;94,48;;
2363;130;94,52;;
2364;128;94,56;;
2365;130;94,6;;
2366;129;94,64;;
2367;129;94,68;;
2368;129;94,72;;
2369;129;94,76;;
2370;128;94,8;;
2371;129;94,84;;
2372;129;94,88;;
2373;129;94,92;;
2374;129;94,96;;
2375;129;95;;
2376;129;95,04;;
2377;129;95,08;;
2378;129;95,12;;
2379;127;95,16;;
2380;128;95,2;;
2381;129;95,24;;
2382;128;95,28;;
2383;129;95,32;;
2384;129;95,36;;
2385;129;95,4;;
2386;128;95,44;;
2387;129;95,48;;
2388;128;95,52;;
2389;129;95,56;;
2390;129;95,6;;
2391;129;95,64;;
2392;129;95,68;;
2393;129;95,72;;
2394;129;95,76;;
2395;128;95,8;;
2396;129;95,84;;
2397;129;95,88;;
2398;128;95,92;;
2399;128;95,96;;
2400;129;96;;
2401;130;96,04;;
2402;129;96,08;;
2403;129;96,12;;
2404;129;96,16;;
2405;129;96,2;;
2406;128;96,24;;
2407;129;96,28;;
2408;129;96,32;;
2409;129;96,36;;
2410;130;96,4;;
2411;129;96,44;;
2412;128;96,48;;
2413;129;96,52;;
2414;129;96,56;;
2415;129;96,6;;
2416;129;96,64;;
2417;130;96,68;;
2418;129;96,72;;
2419;128;96,76;;
2420;129;96,8;;
2421;129;96,84;;
2422;130;96,88;;
2423;129;96,92;;
2424;128;96,96;;
2425;129;97;;
2426;129;97,04;;
2427;129;97,08;;
2428;129;97,12;;
2429;129;97,16;;
2430;128;97,2;;
2431;129;97,24;;
2432;130;97,28;;
2433;137;97,32;;
2434;129;97,36;;
2435;130;97,4;;
2436;130;97,44;;
2437;129;97,48;;
2438;129;97,52;;
2439;129;97,56;;
2440;129;97,6;;
2441;129;97,64;;
2442;128;97,68;;
2443;129;97,72;;
2444;129;97,76;;
2445;129;97,8;;
2446;130;97,84;;
2447;129;97,88;;
2448;129;97,92;;
2449;129;97,96;;
2450;129;98;;
2451;129;98,04;;
2452;129;98,08;;
2453;128;98,12;;
2454;129;98,16;;
2455;129;98,2;;
2456;132;98,24;;
2457;130;98,28;;
2458;129;98,32;;
2459;129;98,36;;
2460;129;98,4;;
2461;129;98,44;;
2462;129;98,48;;
2463;130;98,52;;
2464;129;98,56;;
2465;129;98,6;;
2466;129;98,64;;
2467;128;98,68;;
2468;128;98,72;;
2469;128;98,76;;
2470;129;98,8;;
2471;129;98,84;;
2472;129;98,88;;
2473;130;98,92;;
2474;128;98,96;;
2475;129;99;;
2476;129;99,04;;
2477;129;99,08;;
2478;129;99,12;;
2479;128;99,16;;
2480;130;99,2;;
2481;129;99,24;;
2482;129;99,28;;
2483;128;99,32;;
2484;129;99,36;;
2485;129;99,4;;
2486;130;99,44;;
2487;129;99,48;;
2488;129;99,52;;
2489;129;99,56;;
2490;130;99,6;;
2491;130;99,64;;
2492;130;99,68;;
2493;130;99,72;;
2494;130;99,76;;
2495;130;99,8;;
2496;129;99,84;;
2497;129;99,88;;
2498;130;99,92;;
2499;130;99,96;;
2500;129;100;;
2501;129;100,04;;
2502;131;100,08;;
2503;129;100,12;;
2504;129;100,16;;
2505;130;100,2;;
2506;129;100,24;;
2507;131;100,28;;
2508;130;100,32;;
2509;129;100,36;;
2510;128;100,4;;
2511;130;100,44;;
2512;129;100,48;;
2513;128;100,52;;
2514;129;100,56;;
2515;128;100,6;;
2516;130;100,64;;
2517;127;100,68;;
2518;129;100,72;;
2519;130;100,76;;
2520;129;100,8;;
2521;129;100,84;;
2522;130;100,88;;
2523;130;100,92;;
2524;129;100,96;;
2525;130;101;;
2526;130;101,04;;
2527;129;101,08;;
2528;130;101,12;;
2529;130;101,16;;
2530;129;101,2;;
2531;130;101,24;;
2532;130;101,28;;
2533;130;101,32;;
2534;130;101,36;;
2535;129;101,4;;
2536;130;101,44;;
2537;131;101,48;;
2538;129;101,52;;
2539;130;101,56;;
2540;129;101,6;;
2541;130;101,64;;
2542;130;101,68;;
2543;129;101,72;;
2544;130;101,76;;
2545;128;101,8;;
2546;130;101,84;;
2547;130;101,88;;
2548;130;101,92;;
2549;129;101,96;;
2550;129;102;;
2551;129;102,04;;
2552;129;102,08;;
2553;130;102,12;;
2554;130;102,16;;
2555;130;102,2;;
2556;126;102,24;;
2557;130;102,28;;
2558;130;102,32;;
2559;130;102,36;;
2560;129;102,4;;
2561;130;102,44;;
2562;130;102,48;;
2563;130;102,52;;
2564;130;102,56;;
2565;129;102,6;;
2566;130;102,64;;
2567;129;102,68;;
2568;130;102,72;;
2569;130;102,76;;
2570;129;102,8;;
2571;130;102,84;;
2572;130;102,88;;
2573;130;102,92;;
2574;129;102,96;;
2575;130;103;;
2576;129;103,04;;
2577;130;103,08;;
2578;130;103,12;;
2579;130;103,16;;
2580;128;103,2;;
2581;130;103,24;;
2582;131;103,28;;
2583;129;103,32;;
2584;130;103,36;;
2585;130;103,4;;
2586;130;103,44;;
2587;130;103,48;;
2588;131;103,52;;
2589;129;103,56;;
2590;130;103,6;;
2591;129;103,64;;
2592;130;103,68;;
2593;130;103,72;;
2594;130;103,76;;
2595;130;103,8;;
2596;130;103,84;;
2597;131;103,88;;
2598;130;103,92;;
2599;130;103,96;;
2600;130;104;;
2601;130;104,04;;
2602;130;104,08;;
2603;130;104,12;;
2604;130;104,16;;
2605;130;104,2;;
2606;129;104,24;;
2607;130;104,28;;
2608;130;104,32;;
2609;130;104,36;;
2610;130;104,4;;
2611;129;104,44;;
2612;129;104,48;;
2613;130;104,52;;
2614;130;104,56;;
2615;130;104,6;;
2616;130;104,64;;
2617;130;104,68;;
2618;130;104,72;;
2619;130;104,76;;
2620;130;104,8;;
2621;129;104,84;;
2622;130;104,88;;
2623;130;104,92;;
2624;129;104,96;;
2625;129;105;;
2626;129;105,04;;
2627;130;105,08;;
2628;131;105,12;;
2629;133;105,16;;
2630;129;105,2;;
2631;130;105,24;;
2632;131;105,28;;
2633;130;105,32;;
2634;131;105,36;;
2635;130;105,4;;
2636;130;105,44;;
2637;129;105,48;;
2638;131;105,52;;
2639;130;105,56;;
2640;130;105,6;;
2641;131;105,64;;
2642;134;105,68;;
2643;143;105,72;;
2644;156;105,76;;
2645;169;105,8;;
2646;180;105,84;;
2647;189;105,88;;
2648;195;105,92;;
2649;201;105,96;;
2650;203;106;;
2651;207;106,04;;
2652;209;106,08;;
2653;210;106,12;;
2654;210;106,16;;
2655;212;106,2;;
2656;212;106,24;;
2657;212;106,28;;
2658;211;106,32;;
2659;211;106,36;;
2660;211;106,4;;
2661;212;106,44;;
2662;211;106,48;;
2663;210;106,52;;
2664;211;106,56;;
2665;209;106,6;;
2666;207;106,64;;
2667;208;106,68;;
2668;206;106,72;;
2669;206;106,76;;
2670;205;106,8;;
2671;205;106,84;;
2672;205;106,88;;
2673;204;106,92;;
2674;205;106,96;;
2675;204;107;;
2676;204;107,04;;
2677;203;107,08;;
2678;201;107,12;;
2679;202;107,16;;
2680;200;107,2;;
2681;200;107,24;;
2682;199;107,28;;
2683;200;107,32;;
2684;199;107,36;;
2685;198;107,4;;
2686;198;107,44;;
2687;198;107,48;;
2688;197;107,52;;
2689;197;107,56;;
2690;196;107,6;;
2691;195;107,64;;
2692;196;107,68;;
2693;195;107,72;;
2694;194;107,76;;
2695;195;107,8;;
2696;195;107,84;;
2697;194;107,88;;
2698;193;107,92;;
2699;192;107,96;;
2700;191;108;;
2701;192;108,04;;
2702;189;108,08;;
2703;191;108,12;;
2704;190;108,16;;
2705;189;108,2;;
2706;191;108,24;;
2707;190;108,28;;
2708;189;108,32;;
2709;187;108,36;;
2710;189;108,4;;
2711;188;108,44;;
2712;188;108,48;;
2713;186;108,52;;
2714;187;108,56;;
2715;185;108,6;;
2716;185;108,64;;
2717;185;108,68;;
2718;185;108,72;;
2719;185;108,76;;
2720;184;108,8;;
2721;185;108,84;;
2722;183;108,88;;
2723;183;108,92;;
2724;183;108,96;;
2725;181;109;;
2726;181;109,04;;
2727;183;109,08;;
2728;181;109,12;;
2729;181;109,16;;
2730;181;109,2;;
2731;180;109,24;;
2732;180;109,28;;
2733;179;109,32;;
2734;179;109,36;;
2735;179;109,4;;
2736;179;109,44;;
2737;179;109,48;;
2738;178;109,52;;
2739;178;109,56;;
2740;178;109,6;;
2741;177;109,64;;
2742;176;109,68;;
2743;182;109,72;;
2744;176;109,76;;
2745;176;109,8;;
2746;176;109,84;;
2747;175;109,88;;
2748;175;109,92;;
2749;175;109,96;;
2750;173;110;;
2751;173;110,04;;
2752;175;110,08;;
2753;174;110,12;;
2754;173;110,16;;
2755;173;110,2;;
2756;173;110,24;;
2757;172;110,28;;
2758;172;110,32;;
2759;172;110,36;;
2760;172;110,4;;
2761;172;110,44;;
2762;171;110,48;;
2763;171;110,52;;
2764;168;110,56;;
2765;172;110,6;;
2766;169;110,64;;
2767;170;110,68;;
2768;169;110,72;;
2769;169;110,76;;
2770;169;110,8;;
2771;168;110,84;;
2772;169;110,88;;
2773;169;110,92;;
2774;168;110,96;;
2775;168;111;;
2776;167;111,04;;
2777;167;111,08;;
2778;167;111,12;;
2779;166;111,16;;
2780;166;111,2;;
2781;165;111,24;;
2782;166;111,28;;
2783;166;111,32;;
2784;160;111,36;;
2785;166;111,4;;
2786;165;111,44;;
2787;164;111,48;;
2788;163;111,52;;
2789;164;111,56;;
2790;164;111,6;;
2791;163;111,64;;
2792;163;111,68;;
2793;163;111,72;;
2794;163;111,76;;
2795;162;111,8;;
2796;162;111,84;;
2797;162;111,88;;
2798;162;111,92;;
2799;161;111,96;;
2800;161;112;;
2801;161;112,04;;
2802;162;112,08;;
2803;161;112,12;;
2804;161;112,16;;
2805;160;112,2;;
2806;160;112,24;;
2807;160;112,28;;
2808;160;112,32;;
2809;160;112,36;;
2810;159;112,4;;
2811;158;112,44;;
2812;160;112,48;;
2813;157;112,52;;
2814;158;112,56;;
2815;156;112,6;;
2816;159;112,64;;
2817;157;112,68;;
2818;158;112,72;;
2819;158;112,76;;
2820;157;112,8;;
2821;157;112,84;;
2822;157;112,88;;
2823;156;112,92;;
2824;156;112,96;;
2825;157;113;;
2826;157;113,04;;
2827;157;113,08;;
2828;155;113,12;;
2829;155;113,16;;
2830;155;113,2;;
2831;157;113,24;;
2832;155;113,28;;
2833;154;113,32;;
2834;155;113,36;;
2835;154;113,4;;
2836;154;113,44;;
2837;155;113,48;;
2838;154;113,52;;
2839;154;113,56;;
2840;155;113,6;;
2841;153;113,64;;
2842;153;113,68;;
2843;154;113,72;;
2844;153;113,76;;
2845;153;113,8;;
2846;153;113,84;;
2847;153;113,88;;
2848;152;113,92;;
2849;152;113,96;;
2850;152;114;;
2851;152;114,04;;
2852;152;114,08;;
2853;152;114,12;;
2854;151;114,16;;
2855;151;114,2;;
2856;151;114,24;;
2857;150;114,28;;
2858;151;114,32;;
2859;151;114,36;;
2860;150;114,4;;
2861;149;114,44;;
2862;150;114,48;;
2863;150;114,52;;
2864;150;114,56;;
2865;150;114,6;;
2866;149;114,64;;
2867;149;114,68;;
2868;149;114,72;;
2869;149;114,76;;
2870;149;114,8;;
2871;149;114,84;;
2872;148;114,88;;
2873;150;114,92;;
2874;150;114,96;;
2875;149;115;;
2876;149;115,04;;
2877;148;115,08;;
2878;148;115,12;;
2879;147;115,16;;
2880;148;115,2;;
2881;147;115,24;;
2882;147;115,28;;
2883;147;115,32;;
2884;147;115,36;;
2885;147;115,4;;
2886;147;115,44;;
2887;147;115,48;;
2888;145;115,52;;
2889;148;115,56;;
2890;146;115,6;;
2891;146;115,64;;
2892;147;115,68;;
2893;146;115,72;;
2894;146;115,76;;
2895;146;115,8;;
2896;145;115,84;;
2897;145;115,88;;
2898;145;115,92;;
2899;145;115,96;;
2900;145;116;;
2901;145;116,04;;
2902;145;116,08;;
2903;144;116,12;;
2904;143;116,16;;
2905;144;116,2;;
2906;145;116,24;;
2907;145;116,28;;
2908;144;116,32;;
2909;144;116,36;;
2910;144;116,4;;
2911;144;116,44;;
2912;143;116,48;;
2913;143;116,52;;
2914;144;116,56;;
2915;143;116,6;;
2916;143;116,64;;
2917;143;116,68;;
2918;142;116,72;;
2919;143;116,76;;
2920;143;116,8;;
2921;142;116,84;;
2922;142;116,88;;
2923;143;116,92;;
2924;143;116,96;;
2925;142;117;;
2926;142;117,04;;
2927;141;117,08;;
2928;141;117,12;;
2929;141;117,16;;
2930;142;117,2;;
2931;142;117,24;;
2932;141;117,28;;
2933;141;117,32;;
2934;142;117,36;;
2935;140;117,4;;
2936;141;117,44;;
2937;141;117,48;;
2938;140;117,52;;
2939;144;117,56;;
2940;141;117,6;;
2941;139;117,64;;
2942;140;117,68;;
2943;139;117,72;;
2944;140;117,76;;
2945;140;117,8;;
2946;140;117,84;;
2947;140;117,88;;
2948;140;117,92;;
2949;140;117,96;;
2950;141;118;;
2951;140;118,04;;
2952;139;118,08;;
2953;139;118,12;;
2954;140;118,16;;
2955;139;118,2;;
2956;139;118,24;;
2957;138;118,28;;
2958;139;118,32;;
2959;139;118,36;;
2960;138;118,4;;
2961;138;118,44;;
2962;139;118,48;;
2963;138;118,52;;
2964;139;118,56;;
2965;138;118,6;;
2966;139;118,64;;
2967;138;118,68;;
2968;138;118,72;;
2969;138;118,76;;
2970;138;118,8;;
2971;133;118,84;;
2972;137;118,88;;
2973;138;118,92;;
2974;137;118,96;;
2975;137;119;;
2976;137;119,04;;
2977;137;119,08;;
2978;138;119,12;;
2979;137;119,16;;
2980;139;119,2;;
2981;137;119,24;;
2982;137;119,28;;
2983;137;119,32;;
2984;135;119,36;;
2985;137;119,4;;
2986;137;119,44;;
2987;136;119,48;;
2988;137;119,52;;
2989;137;119,56;;
2990;137;119,6;;
2991;137;119,64;;
2992;138;119,68;;
2993;136;119,72;;
2994;135;119,76;;
2995;136;119,8;;
2996;137;119,84;;
2997;137;119,88;;
2998;137;119,92;;
2999;137;119,96;;
3000;137;120;;
3001;135;120,04;;
3002;135;120,08;;
3003;135;120,12;;
3004;135;120,16;;
3005;135;120,2;;
3006;135;120,24;;
3007;135;120,28;;
3008;135;120,32;;
3009;135;120,36;;
3010;136;120,4;;
3011;134;120,44;;
3012;137;120,48;;
3013;134;120,52;;
3014;133;120,56;;
3015;133;120,6;;
3016;135;120,64;;
3017;135;120,68;;
3018;135;120,72;;
3019;135;120,76;;
3020;135;120,8;;
3021;136;120,84;;
3022;134;120,88;;
3023;134;120,92;;
3024;134;120,96;;
3025;134;121;;
3026;134;121,04;;
3027;134;121,08;;
3028;134;121,12;;
3029;134;121,16;;
3030;134;121,2;;
3031;133;121,24;;
3032;134;121,28;;
3033;134;121,32;;
3034;135;121,36;;
3035;133;121,4;;
3036;132;121,44;;
3037;133;121,48;;
3038;133;121,52;;
3039;132;121,56;;
3040;134;121,6;;
3041;133;121,64;;
3042;132;121,68;;
3043;133;121,72;;
3044;134;121,76;;
3045;134;121,8;;
3046;133;121,84;;
3047;133;121,88;;
3048;131;121,92;;
3049;133;121,96;;
3050;133;122;;
3051;133;122,04;;
3052;133;122,08;;
3053;132;122,12;;
3054;133;122,16;;
3055;132;122,2;;
3056;132;122,24;;
3057;133;122,28;;
3058;135;122,32;;
3059;132;122,36;;
3060;132;122,4;;
3061;132;122,44;;
3062;137;122,48;;
3063;132;122,52;;
3064;132;122,56;;
3065;132;122,6;;
3066;133;122,64;;
3067;132;122,68;;
3068;132;122,72;;
3069;132;122,76;;
3070;132;122,8;;
3071;131;122,84;;
3072;132;122,88;;
3073;132;122,92;;
3074;131;122,96;;
3075;131;123;;
3076;131;123,04;;
3077;132;123,08;;
3078;130;123,12;;
3079;131;123,16;;
3080;131;123,2;;
3081;132;123,24;;
3082;131;123,28;;
3083;131;123,32;;
3084;131;123,36;;
3085;131;123,4;;
3086;131;123,44;;
3087;132;123,48;;
3088;132;123,52;;
3089;131;123,56;;
3090;132;123,6;;
3091;132;123,64;;
3092;131;123,68;;
3093;131;123,72;;
3094;134;123,76;;
3095;130;123,8;;
3096;131;123,84;;
3097;131;123,88;;
3098;131;123,92;;
3099;131;123,96;;
3100;131;124;;
3101;130;124,04;;
3102;130;124,08;;
3103;129;124,12;;
3104;131;124,16;;
3105;131;124,2;;
3106;131;124,24;;
3107;130;124,28;;
3108;131;124,32;;
3109;130;124,36;;
3110;129;124,4;;
3111;130;124,44;;
3112;130;124,48;;
3113;129;124,52;;
3114;129;124,56;;
3115;130;124,6;;
3116;129;124,64;;
3117;130;124,68;;
3118;130;124,72;;
3119;129;124,76;;
3120;129;124,8;;
3121;129;124,84;;
3122;130;124,88;;
3123;130;124,92;;
3124;130;124,96;;
3125;129;125;;
3126;129;125,04;;
3127;130;125,08;;
3128;130;125,12;;
3129;129;125,16;;
3130;129;125,2;;
3131;129;125,24;;
3132;130;125,28;;
3133;129;125,32;;
3134;129;125,36;;
3135;130;125,4;;
3136;130;125,44;;
3137;130;125,48;;
3138;130;125,52;;
3139;130;125,56;;
3140;129;125,6;;
3141;129;125,64;;
3142;129;125,68;;
3143;128;125,72;;
3144;132;125,76;;
3145;129;125,8;;
3146;129;125,84;;
3147;129;125,88;;
3148;129;125,92;;
3149;130;125,96;;
3150;128;126;;
3151;128;126,04;;
3152;129;126,08;;
3153;129;126,12;;
3154;129;126,16;;
3155;129;126,2;;
3156;128;126,24;;
3157;129;126,28;;
3158;128;126,32;;
3159;128;126,36;;
3160;129;126,4;;
3161;129;126,44;;
3162;128;126,48;;
3163;129;126,52;;
3164;128;126,56;;
3165;129;126,6;;
3166;129;126,64;;
3167;128;126,68;;
3168;129;126,72;;
3169;128;126,76;;
3170;129;126,8;;
3171;129;126,84;;
3172;129;126,88;;
3173;129;126,92;;
3174;130;126,96;;
3175;128;127;;
3176;127;127,04;;
3177;129;127,08;;
3178;128;127,12;;
3179;129;127,16;;
3180;129;127,2;;
3181;128;127,24;;
3182;127;127,28;;
3183;128;127,32;;
3184;129;127,36;;
3185;128;127,4;;
3186;128;127,44;;
3187;128;127,48;;
3188;128;127,52;;
3189;129;127,56;;
3190;129;127,6;;
3191;128;127,64;;
3192;128;127,68;;
3193;128;127,72;;
3194;129;127,76;;
3195;128;127,8;;
3196;128;127,84;;
3197;128;127,88;;
3198;130;127,92;;
3199;134;127,96;;
3200;129;128;;
3201;127;128,04;;
3202;128;128,08;;
3203;128;128,12;;
3204;129;128,16;;
3205;127;128,2;;
3206;127;128,24;;
3207;128;128,28;;
3208;129;128,32;;
3209;128;128,36;;
3210;128;128,4;;
3211;128;128,44;;
3212;128;128,48;;
3213;128;128,52;;
3214;128;128,56;;
3215;128;128,6;;
3216;128;128,64;;
3217;127;128,68;;
3218;128;128,72;;
3219;127;128,76;;
3220;129;128,8;;
3221;129;128,84;;
3222;128;128,88;;
3223;128;128,92;;
3224;127;128,96;;
3225;128;129;;
3226;127;129,04;;
3227;127;129,08;;
3228;127;129,12;;
3229;127;129,16;;
3230;128;129,2;;
3231;129;129,24;;
3232;127;129,28;;
3233;127;129,32;;
3234;128;129,36;;
3235;128;129,4;;
3236;127;129,44;;
3237;127;129,48;;
3238;128;129,52;;
3239;128;129,56;;
3240;127;129,6;;
3241;128;129,64;;
3242;128;129,68;;
3243;128;129,72;;
3244;127;129,76;;
3245;128;129,8;;
3246;128;129,84;;
3247;127;129,88;;
3248;127;129,92;;
3249;126;129,96;;
3250;127;130;;
3251;126;130,04;;
3252;127;130,08;;
3253;127;130,12;;
3254;128;130,16;;
3255;127;130,2;;
3256;127;130,24;;
3257;128;130,28;;
3258;126;130,32;;
3259;128;130,36;;
3260;127;130,4;;
3261;128;130,44;;
3262;127;130,48;;
3263;127;130,52;;
3264;126;130,56;;
3265;126;130,6;;
3266;128;130,64;;
3267;127;130,68;;
3268;126;130,72;;
3269;127;130,76;;
3270;127;130,8;;
3271;127;130,84;;
3272;128;130,88;;
3273;128;130,92;;
3274;127;130,96;;
3275;127;131;;
3276;127;131,04;;
3277;126;131,08;;
3278;127;131,12;;
3279;127;131,16;;
3280;126;131,2;;
3281;127;131,24;;
3282;127;131,28;;
3283;128;131,32;;
3284;127;131,36;;
3285;128;131,4;;
3286;126;131,44;;
3287;127;131,48;;
3288;127;131,52;;
3289;128;131,56;;
3290;126;131,6;;
3291;127;131,64;;
3292;128;131,68;;
3293;126;131,72;;
3294;127;131,76;;
3295;127;131,8;;
3296;126;131,84;;
3297;127;131,88;;
3298;126;131,92;;
3299;127;131,96;;
3300;127;132;;
3301;127;132,04;;
3302;127;132,08;;
3303;127;132,12;;
3304;126;132,16;;
3305;129;132,2;;
3306;127;132,24;;
3307;126;132,28;;
3308;126;132,32;;
3309;126;132,36;;
3310;127;132,4;;
3311;127;132,44;;
3312;127;132,48;;
3313;135;132,52;;
3314;127;132,56;;
3315;127;132,6;;
3316;127;132,64;;
3317;126;132,68;;
3318;126;132,72;;
3319;127;132,76;;
3320;127;132,8;;
3321;128;132,84;;
3322;127;132,88;;
3323;126;132,92;;
3324;126;132,96;;
3325;127;133;;
3326;126;133,04;;
3327;126;133,08;;
3328;126;133,12;;
3329;127;133,16;;
3330;126;133,2;;
3331;127;133,24;;
3332;126;133,28;;
3333;126;133,32;;
3334;127;133,36;;
3335;127;133,4;;
3336;126;133,44;;
3337;127;133,48;;
3338;126;133,52;;
3339;127;133,56;;
3340;126;133,6;;
3341;126;133,64;;
3342;127;133,68;;
3343;126;133,72;;
3344;126;133,76;;
3345;126;133,8;;
3346;127;133,84;;
3347;126;133,88;;
3348;126;133,92;;
3349;126;133,96;;
3350;126;134;;
3351;127;134,04;;
3352;126;134,08;;
3353;127;134,12;;
3354;126;134,16;;
3355;127;134,2;;
3356;126;134,24;;
3357;126;134,28;;
3358;127;134,32;;
3359;127;134,36;;
3360;127;134,4;;
3361;126;134,44;;
3362;127;134,48;;
3363;126;134,52;;
3364;127;134,56;;
3365;127;134,6;;
3366;126;134,64;;
3367;127;134,68;;
3368;126;134,72;;
3369;125;134,76;;
3370;126;134,8;;
3371;126;134,84;;
3372;127;134,88;;
3373;126;134,92;;
3374;127;134,96;;
3375;127;135;;
3376;126;135,04;;
3377;126;135,08;;
3378;126;135,12;;
3379;126;135,16;;
3380;126;135,2;;
3381;127;135,24;;
3382;128;135,28;;
3383;126;135,32;;
3384;126;135,36;;
3385;126;135,4;;
3386;127;135,44;;
3387;126;135,48;;
3388;126;135,52;;
3389;126;135,56;;
3390;125;135,6;;
3391;126;135,64;;
3392;127;135,68;;
3393;126;135,72;;
3394;126;135,76;;
3395;127;135,8;;
3396;126;135,84;;
3397;127;135,88;;
3398;126;135,92;;
3399;126;135,96;;
3400;126;136;;
3401;126;136,04;;
3402;125;136,08;;
3403;127;136,12;;
3404;126;136,16;;
3405;127;136,2;;
3406;127;136,24;;
3407;126;136,28;;
3408;127;136,32;;
3409;126;136,36;;
3410;126;136,4;;
3411;127;136,44;;
3412;126;136,48;;
3413;127;136,52;;
3414;126;136,56;;
3415;125;136,6;;
3416;127;136,64;;
3417;127;136,68;;
3418;126;136,72;;
3419;127;136,76;;
3420;126;136,8;;
3421;127;136,84;;
3422;127;136,88;;
3423;126;136,92;;
3424;126;136,96;;
3425;126;137;;
3426;126;137,04;;
3427;129;137,08;;
3428;126;137,12;;
3429;126;137,16;;
3430;127;137,2;;
3431;127;137,24;;
3432;126;137,28;;
3433;126;137,32;;
3434;127;137,36;;
3435;127;137,4;;
3436;126;137,44;;
3437;128;137,48;;
3438;126;137,52;;
3439;126;137,56;;
3440;126;137,6;;
3441;126;137,64;;
3442;127;137,68;;
3443;126;137,72;;
3444;128;137,76;;
3445;127;137,8;;
3446;126;137,84;;
3447;125;137,88;;
3448;126;137,92;;
3449;126;137,96;;
3450;126;138;;
3451;126;138,04;;
3452;127;138,08;;
3453;126;138,12;;
3454;127;138,16;;
3455;127;138,2;;
3456;126;138,24;;
3457;127;138,28;;
3458;126;138,32;;
3459;127;138,36;;
3460;125;138,4;;
3461;127;138,44;;
3462;127;138,48;;
3463;126;138,52;;
3464;125;138,56;;
3465;127;138,6;;
3466;125;138,64;;
3467;126;138,68;;
3468;124;138,72;;
3469;126;138,76;;
3470;127;138,8;;
3471;127;138,84;;
3472;126;138,88;;
3473;126;138,92;;
3474;126;138,96;;
3475;127;139;;
3476;126;139,04;;
3477;126;139,08;;
3478;126;139,12;;
3479;127;139,16;;
3480;126;139,2;;
3481;126;139,24;;
3482;126;139,28;;
3483;125;139,32;;
3484;126;139,36;;
3485;126;139,4;;
3486;126;139,44;;
3487;126;139,48;;
3488;126;139,52;;
3489;126;139,56;;
3490;127;139,6;;
3491;127;139,64;;
3492;127;139,68;;
3493;126;139,72;;
3494;126;139,76;;
3495;126;139,8;;
3496;127;139,84;;
3497;127;139,88;;
3498;126;139,92;;
3499;126;139,96;;
3500;126;140;;
3501;126;140,04;;
3502;127;140,08;;
3503;126;140,12;;
3504;127;140,16;;
3505;126;140,2;;
3506;126;140,24;;
3507;127;140,28;;
3508;127;140,32;;
3509;129;140,36;;
3510;125;140,4;;
3511;126;140,44;;
3512;125;140,48;;
3513;128;140,52;;
3514;126;140,56;;
3515;127;140,6;;
3516;126;140,64;;
3517;125;140,68;;
3518;126;140,72;;
3519;126;140,76;;
3520;126;140,8;;
3521;126;140,84;;
3522;126;140,88;;
3523;126;140,92;;
3524;126;140,96;;
3525;127;141;;
3526;126;141,04;;
3527;126;141,08;;
3528;127;141,12;;
3529;126;141,16;;
3530;126;141,2;;
3531;126;141,24;;
3532;126;141,28;;
3533;126;141,32;;
3534;127;141,36;;
3535;127;141,4;;
3536;125;141,44;;
3537;126;141,48;;
3538;129;141,52;;
3539;126;141,56;;
3540;126;141,6;;
3541;126;141,64;;
3542;127;141,68;;
3543;126;141,72;;
3544;126;141,76;;
3545;125;141,8;;
3546;126;141,84;;
3547;126;141,88;;
3548;127;141,92;;
3549;127;141,96;;
3550;126;142;;
3551;126;142,04;;
3552;127;142,08;;
3553;127;142,12;;
3554;127;142,16;;
3555;126;142,2;;
3556;126;142,24;;
3557;126;142,28;;
3558;126;142,32;;
3559;127;142,36;;
3560;126;142,4;;
3561;127;142,44;;
3562;127;142,48;;
3563;126;142,52;;
3564;127;142,56;;
3565;127;142,6;;
3566;127;142,64;;
3567;127;142,68;;
3568;127;142,72;;
3569;127;142,76;;
3570;127;142,8;;
3571;126;142,84;;
3572;127;142,88;;
3573;127;142,92;;
3574;127;142,96;;
3575;126;143;;
3576;128;143,04;;
3577;127;143,08;;
3578;127;143,12;;
3579;127;143,16;;
3580;126;143,2;;
3581;128;143,24;;
3582;117;143,28;;
3583;127;143,32;;
3584;126;143,36;;
3585;127;143,4;;
3586;126;143,44;;
3587;127;143,48;;
3588;126;143,52;;
3589;126;143,56;;
3590;127;143,6;;
3591;125;143,64;;
3592;126;143,68;;
3593;127;143,72;;
3594;126;143,76;;
3595;127;143,8;;
3596;127;143,84;;
3597;127;143,88;;
3598;126;143,92;;
3599;128;143,96;;
3600;125;144;;
3601;126;144,04;;
3602;126;144,08;;
3603;127;144,12;;
3604;127;144,16;;
3605;127;144,2;;
3606;127;144,24;;
3607;127;144,28;;
3608;126;144,32;;
3609;126;144,36;;
3610;127;144,4;;
3611;127;144,44;;
3612;127;144,48;;
3613;127;144,52;;
3614;127;144,56;;
3615;127;144,6;;
3616;127;144,64;;
3617;126;144,68;;
3618;126;144,72;;
3619;127;144,76;;
3620;127;144,8;;
3621;125;144,84;;
3622;127;144,88;;
3623;126;144,92;;
3624;127;144,96;;
3625;127;145;;
3626;127;145,04;;
3627;127;145,08;;
3628;126;145,12;;
3629;129;145,16;;
3630;127;145,2;;
3631;126;145,24;;
3632;126;145,28;;
3633;127;145,32;;
3634;127;145,36;;
3635;127;145,4;;
3636;127;145,44;;
3637;127;145,48;;
3638;127;145,52;;
3639;127;145,56;;
3640;127;145,6;;
3641;127;145,64;;
3642;126;145,68;;
3643;127;145,72;;
3644;126;145,76;;
3645;126;145,8;;
3646;126;145,84;;
3647;126;145,88;;
3648;126;145,92;;
3649;127;145,96;;
3650;127;146;;
3651;127;146,04;;
3652;127;146,08;;
3653;127;146,12;;
3654;127;146,16;;
3655;131;146,2;;
3656;127;146,24;;
3657;127;146,28;;
3658;127;146,32;;
3659;127;146,36;;
3660;127;146,4;;
3661;127;146,44;;
3662;127;146,48;;
3663;127;146,52;;
3664;127;146,56;;
3665;127;146,6;;
3666;127;146,64;;
3667;128;146,68;;
3668;127;146,72;;
3669;127;146,76;;
3670;126;146,8;;
3671;127;146,84;;
3672;127;146,88;;
3673;128;146,92;;
3674;127;146,96;;
3675;127;147;;
3676;126;147,04;;
3677;127;147,08;;
3678;128;147,12;;
3679;126;147,16;;
3680;127;147,2;;
3681;127;147,24;;
3682;127;147,28;;
3683;127;147,32;;
3684;127;147,36;;
3685;127;147,4;;
3686;127;147,44;;
3687;129;147,48;;
3688;127;147,52;;
3689;127;147,56;;
3690;126;147,6;;
3691;126;147,64;;
3692;127;147,68;;
3693;127;147,72;;
3694;127;147,76;;
3695;126;147,8;;
3696;128;147,84;;
3697;127;147,88;;
3698;128;147,92;;
3699;127;147,96;;
3700;127;148;;
3701;127;148,04;;
3702;127;148,08;;
3703;127;148,12;;
3704;127;148,16;;
3705;128;148,2;;
3706;127;148,24;;
3707;127;148,28;;
3708;130;148,32;;
3709;128;148,36;;
3710;128;148,4;;
3711;127;148,44;;
3712;127;148,48;;
3713;127;148,52;;
3714;129;148,56;;
3715;128;148,6;;
3716;127;148,64;;
3717;127;148,68;;
3718;127;148,72;;
3719;127;148,76;;
3720;127;148,8;;
3721;127;148,84;;
3722;126;148,88;;
3723;127;148,92;;
3724;128;148,96;;
3725;127;149;;
3726;127;149,04;;
3727;127;149,08;;
3728;126;149,12;;
3729;128;149,16;;
3730;126;149,2;;
3731;127;149,24;;
3732;128;149,28;;
3733;127;149,32;;
3734;127;149,36;;
3735;128;149,4;;
3736;127;149,44;;
3737;127;149,48;;
3738;127;149,52;;
3739;127;149,56;;
3740;128;149,6;;
3741;128;149,64;;
3742;128;149,68;;
3743;128;149,72;;
3744;128;149,76;;
3745;127;149,8;;
3746;129;149,84;;
3747;128;149,88;;
3748;127;149,92;;
3749;127;149,96;;
3750;128;150;;
3751;128;150,04;;
3752;128;150,08;;
3753;127;150,12;;
3754;127;150,16;;
3755;128;150,2;;
3756;128;150,24;;
3757;128;150,28;;
3758;128;150,32;;
3759;127;150,36;;
3760;129;150,4;;
3761;127;150,44;;
3762;127;150,48;;
3763;129;150,52;;
3764;128;150,56;;
3765;128;150,6;;
3766;128;150,64;;
3767;128;150,68;;
3768;128;150,72;;
3769;132;150,76;;
3770;126;150,8;;
3771;127;150,84;;
3772;129;150,88;;
3773;128;150,92;;
3774;127;150,96;;
3775;128;151;;
3776;128;151,04;;
3777;128;151,08;;
3778;127;151,12;;
3779;128;151,16;;
3780;127;151,2;;
3781;128;151,24;;
3782;128;151,28;;
3783;128;151,32;;
3784;127;151,36;;
3785;128;151,4;;
3786;127;151,44;;
3787;129;151,48;;
3788;129;151,52;;
3789;128;151,56;;
3790;128;151,6;;
3791;127;151,64;;
3792;127;151,68;;
3793;128;151,72;;
3794;128;151,76;;
3795;128;151,8;;
3796;128;151,84;;
3797;128;151,88;;
3798;127;151,92;;
3799;129;151,96;;
3800;128;152;;
3801;128;152,04;;
3802;127;152,08;;
3803;128;152,12;;
3804;128;152,16;;
3805;127;152,2;;
3806;129;152,24;;
3807;128;152,28;;
3808;127;152,32;;
3809;128;152,36;;
3810;126;152,4;;
3811;127;152,44;;
3812;127;152,48;;
3813;128;152,52;;
3814;129;152,56;;
3815;128;152,6;;
3816;128;152,64;;
3817;128;152,68;;
3818;127;152,72;;
3819;129;152,76;;
3820;127;152,8;;
3821;126;152,84;;
3822;129;152,88;;
3823;128;152,92;;
3824;127;152,96;;
3825;129;153;;
3826;129;153,04;;
3827;128;153,08;;
3828;129;153,12;;
3829;128;153,16;;
3830;129;153,2;;
3831;128;153,24;;
3832;129;153,28;;
3833;128;153,32;;
3834;128;153,36;;
3835;128;153,4;;
3836;128;153,44;;
3837;128;153,48;;
3838;127;153,52;;
3839;128;153,56;;
3840;128;153,6;;
3841;127;153,64;;
3842;125;153,68;;
3843;127;153,72;;
3844;128;153,76;;
3845;128;153,8;;
3846;128;153,84;;
3847;130;153,88;;
3848;129;153,92;;
3849;128;153,96;;
3850;129;154;;
3851;129;154,04;;
3852;128;154,08;;
3853;128;154,12;;
3854;128;154,16;;
3855;128;154,2;;
3856;128;154,24;;
3857;128;154,28;;
3858;128;154,32;;
3859;128;154,36;;
3860;127;154,4;;
3861;128;154,44;;
3862;128;154,48;;
3863;128;154,52;;
3864;127;154,56;;
3865;128;154,6;;
3866;128;154,64;;
3867;128;154,68;;
3868;129;154,72;;
3869;128;154,76;;
3870;128;154,8;;
3871;129;154,84;;
3872;127;154,88;;
3873;128;154,92;;
3874;120;154,96;;
3875;128;155;;
3876;128;155,04;;
3877;129;155,08;;
3878;128;155,12;;
3879;128;155,16;;
3880;127;155,2;;
3881;128;155,24;;
3882;128;155,28;;
3883;126;155,32;;
3884;128;155,36;;
3885;128;155,4;;
3886;128;155,44;;
3887;128;155,48;;
3888;129;155,52;;
3889;128;155,56;;
3890;128;155,6;;
3891;127;155,64;;
3892;126;155,68;;
3893;128;155,72;;
3894;129;155,76;;
3895;128;155,8;;
3896;128;155,84;;
3897;129;155,88;;
3898;128;155,92;;
3899;128;155,96;;
3900;128;156;;
3901;128;156,04;;
3902;128;156,08;;
3903;128;156,12;;
3904;128;156,16;;
3905;129;156,2;;
3906;128;156,24;;
3907;128;156,28;;
3908;128;156,32;;
3909;129;156,36;;
3910;128;156,4;;
3911;128;156,44;;
3912;129;156,48;;
3913;129;156,52;;
3914;129;156,56;;
3915;129;156,6;;
3916;128;156,64;;
3917;129;156,68;;
3918;128;156,72;;
3919;128;156,76;;
3920;128;156,8;;
3921;128;156,84;;
3922;128;156,88;;
3923;128;156,92;;
3924;129;156,96;;
3925;129;157;;
3926;128;157,04;;
3927;128;157,08;;
3928;129;157,12;;
3929;128;157,16;;
3930;130;157,2;;
3931;129;157,24;;
3932;128;157,28;;
3933;128;157,32;;
3934;129;157,36;;
3935;129;157,4;;
3936;129;157,44;;
3937;128;157,48;;
3938;127;157,52;;
3939;129;157,56;;
3940;129;157,6;;
3941;128;157,64;;
3942;129;157,68;;
3943;129;157,72;;
3944;128;157,76;;
3945;129;157,8;;
3946;129;157,84;;
3947;128;157,88;;
3948;129;157,92;;
3949;129;157,96;;
3950;129;158;;
3951;128;158,04;;
3952;128;158,08;;
3953;129;158,12;;
3954;129;158,16;;
3955;129;158,2;;
3956;127;158,24;;
3957;128;158,28;;
3958;128;158,32;;
3959;129;158,36;;
3960;127;158,4;;
3961;129;158,44;;
3962;129;158,48;;
3963;129;158,52;;
3964;128;158,56;;
3965;129;158,6;;
3966;128;158,64;;
3967;129;158,68;;
3968;128;158,72;;
3969;128;158,76;;
3970;129;158,8;;
3971;128;158,84;;
3972;127;158,88;;
3973;128;158,92;;
3974;129;158,96;;
3975;128;159;;
3976;129;159,04;;
3977;130;159,08;;
3978;128;159,12;;
3979;129;159,16;;
3980;129;159,2;;
3981;129;159,24;;
3982;129;159,28;;
3983;128;159,32;;
3984;129;159,36;;
3985;130;159,4;;
3986;129;159,44;;
3987;129;159,48;;
3988;128;159,52;;
3989;129;159,56;;
3990;129;159,6;;
3991;128;159,64;;
3992;129;159,68;;
3993;128;159,72;;
3994;129;159,76;;
3995;128;159,8;;
3996;128;159,84;;
3997;130;159,88;;
3998;129;159,92;;
3999;129;159,96;;
4000;128;160;;
4001;129;160,04;;
4002;130;160,08;;
4003;129;160,12;;
4004;129;160,16;;
4005;129;160,2;;
4006;127;160,24;;
4007;129;160,28;;
4008;128;160,32;;
4009;129;160,36;;
4010;129;160,4;;
4011;129;160,44;;
4012;129;160,48;;
4013;129;160,52;;
4014;129;160,56;;
4015;129;160,6;;
4016;129;160,64;;
4017;129;160,68;;
4018;128;160,72;;
4019;129;160,76;;
4020;130;160,8;;
4021;129;160,84;;
4022;127;160,88;;
4023;129;160,92;;
4024;130;160,96;;
4025;129;161;;
4026;129;161,04;;
4027;129;161,08;;
4028;129;161,12;;
4029;129;161,16;;
4030;128;161,2;;
4031;129;161,24;;
4032;129;161,28;;
4033;129;161,32;;
4034;128;161,36;;
4035;129;161,4;;
4036;129;161,44;;
4037;129;161,48;;
4038;129;161,52;;
4039;129;161,56;;
4040;129;161,6;;
4041;129;161,64;;
4042;129;161,68;;
4043;129;161,72;;
4044;129;161,76;;
4045;129;161,8;;
4046;128;161,84;;
4047;129;161,88;;
4048;128;161,92;;
4049;129;161,96;;
4050;127;162;;
4051;129;162,04;;
4052;128;162,08;;
4053;129;162,12;;
4054;129;162,16;;
4055;129;162,2;;
4056;130;162,24;;
4057;129;162,28;;
4058;130;162,32;;
4059;129;162,36;;
4060;129;162,4;;
4061;133;162,44;;
4062;130;162,48;;
4063;129;162,52;;
4064;129;162,56;;
4065;129;162,6;;
4066;129;162,64;;
4067;130;162,68;;
4068;128;162,72;;
4069;129;162,76;;
4070;131;162,8;;
4071;130;162,84;;
4072;129;162,88;;
4073;129;162,92;;
4074;129;162,96;;
4075;130;163;;
4076;129;163,04;;
4077;128;163,08;;
4078;129;163,12;;
4079;129;163,16;;
4080;129;163,2;;
4081;130;163,24;;
4082;129;163,28;;
4083;129;163,32;;
4084;130;163,36;;
4085;129;163,4;;
4086;129;163,44;;
4087;129;163,48;;
4088;129;163,52;;
4089;129;163,56;;
4090;130;163,6;;
4091;129;163,64;;
4092;129;163,68;;
4093;129;163,72;;
4094;131;163,76;;
4095;129;163,8;;
